timestamp,acquisition,rpm,temp1,temp2,life_fraction,true_damage,load_factor,is_transient,fault_mode,expected_channel,rms,peak,kurtosis,crest_factor,bsf,bpfo,ftf,bpfi,elapsed_hours,rms_norm,valid_analysis,is_healthy_baseline,z_rms,severity_rms,z_bpfo,severity_bpfo,z_bpfi,severity_bpfi,z_bsf,severity_bsf,z_ftf,severity_ftf,max_severity,smoothed_severity,anomaly_score,anomaly_tier,is_anomaly,fault_channel,temp_delta,thermal_asymmetry_flag
2026-05-01 00:00:00,0,1769.5583188379128,31.744072524700332,32.03678727901644,0.0,0.0,1.0,False,outer_race,bpfo,0.4793820043877161,1.9160374864047967,2.715742224473582,3.9968907236141007,2.07041340385097,2.1558078047851295,1.7502574985807073,1.7921467367511257,0.0,0.479501657975014,True,True,-0.8130223203215056,-0.23229209152043015,0.17088924329669455,0.04272231082417364,0.1254928209216365,0.031373205230409124,0.4475927247190401,0.11189818117976003,0.21341812517999684,0.05335453129499921,0.07632658432284065,0.07632658432284065,0.05891042552152135,normal,0,none,-0.29271475431610483,False
2026-05-01 00:10:00,1,1767.978004753923,33.540226868315415,33.277809772849764,0.0041841004184100415,0.0,1.00835992926089,False,outer_race,bpfo,0.48028561042973855,1.7725802820804248,2.679991034008379,3.6906795531400527,1.146392549319413,1.5079481725287656,1.6529379356197094,1.8082472323759056,0.16666666666666666,0.480834901890626,True,True,-0.762706267564101,-0.217916076446886,-0.6716440709467095,-0.16791101773667738,0.16301994986368507,0.040754987465921266,-0.9828032042617229,-0.2457008010654307,-0.03906583078970709,-0.009766457697426772,0.11189818117976003,0.08179913768544363,0.059827239045663234,normal,0,none,0.2624170954656506,False
2026-05-01 00:20:00,2,1771.604422971658,32.07034290224084,32.24387918782854,0.008368200836820083,0.0,1.0016470735013066,False,outer_race,bpfo,0.4791107579106702,1.771308070535044,2.7269563373574783,3.6970743012731573,1.2888526415946127,1.2170334230105548,1.881657990211888,1.2386463082738535,0.3333333333333333,0.4786768595211692,True,True,-0.8441498597251492,-0.24118567420718548,-1.049975048631205,-0.26249376215780124,-1.1646092003464006,-0.29115230008660015,-0.7622731858824566,-0.19056829647061416,0.5543209707538139,0.13858024268845348,0.13858024268845348,0.0905346923012913,0.06131842609952321,normal,0,none,-0.1735362855877014,False
2026-05-01 00:30:00,3,1770.4847617657142,31.53473382696652,31.311034814264005,0.012552301255230125,0.0,1.0150920100105694,False,outer_race,bpfo,0.4874074770260734,1.7051939455570346,2.704457745493436,3.4984977168616904,0.8972850392697594,1.415212642704319,2.52417592509002,1.434361250722001,0.5,0.48727402402253,True,True,-0.5196965638584382,-0.14848473253098235,-0.7922454626694633,-0.19806136566736582,-0.7084356730027259,-0.17710891825068148,-1.3684247695176288,-0.3421061923794072,2.2212568369221537,0.5553142092305384,0.13858024268845348,0.09792631543777777,0.06260726241343338,normal,0,none,0.22369901270251447,False
2026-05-01 00:40:00,4,1769.2108840686235,31.765055843494622,31.9209909140504,0.016736401673640166,0.0,0.9992768005521357,False,outer_race,bpfo,0.4778770514317811,1.934882629349681,2.7187676973930524,4.048913048978862,1.5393875443865042,1.316862462331349,1.087224344076991,1.6142093947247813,0.6666666666666666,0.4780901975286765,True,True,-0.8662902313551041,-0.24751149467288688,-0.9201486369071897,-0.23003715922679743,-0.2892445718546999,-0.07231114296367497,-0.374441998671006,-0.0936104996677515,-1.5067420224283512,-0.3766855056070878,0.5553142092305384,0.16829368371358713,0.07620106903478406,normal,0,none,-0.1559350705557776,False
2026-05-01 00:50:00,5,1771.6624688856477,31.308284520880026,31.299760717150562,0.02092050209205021,0.0,0.9985794606416336,False,outer_race,bpfo,0.48083790565013734,1.7353727723746206,2.691798669096372,3.6090598348901715,1.5942080512088914,3.7873199402160354,2.08626535370731,1.564889786197169,0.8333333333333334,0.4803867034199032,True,True,-0.7796210853514558,-0.22274888152898736,2.2926502826525033,0.5731625706631258,-0.4041990025579703,-0.10104975063949258,-0.2895791631637292,-0.0723947907909323,1.085150281778965,0.2712875704447413,0.15745537453899425,0.16662625153288052,0.07584968070508412,normal,0,none,0.008523803729463708,False
2026-05-01 01:00:00,6,1771.3494905527568,29.828755362909245,30.626016945297945,0.02510460251046025,0.0,1.0129877627768331,False,outer_race,bpfo,0.486244130305205,1.8708000470067898,2.7181902798477298,3.847450139567811,1.1982461461927398,1.0524930714725562,1.4463102856952876,2.008521980213043,1.0,0.48587368852413365,True,True,-0.5725446241348158,-0.16358417832423308,-1.2639577090807563,-0.3159894272701891,0.629821498155977,0.15745537453899425,-0.9025331827499049,-0.22563329568747623,-0.5751365331062489,-0.14378413327656223,0.3076137720560115,0.1883166393056699,0.08053870434976733,normal,0,none,-0.7972615823886997,False
2026-05-01 01:10:00,7,1769.9803021140272,30.493103847768502,30.60284567768245,0.029288702928870293,0.0,1.0290338167810233,False,outer_race,bpfo,0.49279666058338467,1.864039592740166,2.687140367238199,3.782573507161089,1.8983410949407111,2.0704877343381534,1.8909147256910022,2.26621551450714,1.1666666666666667,0.49280214485482904,True,True,-0.3110676579319624,-0.0888764736948464,0.05993156335171856,0.01498289083792964,1.230455088224046,0.3076137720560115,0.1812226217625072,0.0453056554406268,0.5783364628298369,0.14458411570745922,0.3076137720560115,0.20667004434418398,0.08471135139553691,normal,0,none,-0.10974182991394699,False
2026-05-01 01:20:00,8,1773.2193873468802,31.434618831983336,31.577858251375886,0.03347280334728033,0.0,1.051589069626572,False,outer_race,bpfo,0.5058957407928225,1.908533686338414,2.734327010368161,3.7725830293558613,2.775278145255666,1.8813009696579748,1.027329512667988,1.5749680824000472,1.3333333333333333,0.5049772563918675,True,True,0.14841582236106615,0.04240452067459033,-0.18610344781548957,-0.04652586195387239,-0.38070845109075474,-0.09517711277268869,1.5387322283815328,0.3846830570953832,-1.6621319925039886,-0.41553299812599714,0.3076137720560115,0.22219984860754205,0.0883942684115744,normal,0,none,-0.14323941939255036,False
2026-05-01 01:30:00,9,1770.783509279149,31.445503375704686,31.486503513384104,0.03765690376569038,0.0,1.0468230970034063,False,outer_race,bpfo,0.5018581385958613,1.8713147305533757,2.715097013295184,3.7287723096193863,1.9394720427937375,1.878114512012557,1.8508085981804105,1.5670794408739632,1.5,0.5016360840610489,True,True,0.022321413603250736,0.006377546743785925,-0.1902473959595339,-0.04756184898988348,-0.3990953426887578,-0.09977383567218945,0.24489384744487055,0.06122346186121764,0.47428591611131404,0.11857147902782851,0.11857147902782851,0.20625702251835534,0.08461532945679186,normal,0,none,-0.04100013767941846,False
2026-05-01 01:40:00,10,1770.4318497226955,31.684547611280173,31.617361020636018,0.04184100418410042,0.0,1.0530257427489005,False,outer_race,bpfo,0.5067446748848438,1.9622280314604323,2.7346695171349,3.8722223019044906,1.4418209768502894,1.2523350983971895,1.5490687113167654,1.1655000895479732,1.6666666666666667,0.5066210680104188,True,True,0.21045256684101016,0.06012930481171719,-1.0040656632011267,-0.25101641580028167,-1.3350988328223525,-0.33377470820558813,-0.5254762749257116,-0.1313690687314279,-0.3085420990506109,-0.07713552476265273,0.11857147902782851,0.19276693890442811,0.08153292109408107,normal,0,none,0.06718659064415533,False
2026-05-01 01:50:00,11,1768.496277692216,30.918629945835406,30.601014916697885,0.04602510460251046,0.0,1.0285440215562336,False,outer_race,bpfo,0.493333823865509,1.9422491537777695,2.7144842791762502,3.936987613294601,2.238842155194225,2.2900107330504054,1.944928458644768,2.573415074054298,1.8333333333333333,0.49375329722572386,True,True,-0.27517157596686637,-0.07862045027624753,0.3454184658363229,0.08635461645908073,1.9464776101844115,0.48661940254610286,0.7083225546392127,0.17708063865980317,0.7184686269901237,0.17961715674753093,0.48661940254610286,0.23797501023391654,0.09228281103755673,normal,0,none,0.3176150291375208,False
2026-05-01 02:00:00,12,1769.8355228544794,30.214182602226476,30.743561146295058,0.0502092050209205,0.0,1.026629626533954,False,outer_race,bpfo,0.4881673343801351,1.8897373333846998,2.7059021019884977,3.871085179806735,2.417097742168584,1.3929426376963912,2.462622302180514,2.422223266276644,2.0,0.48821270151660534,True,True,-0.48427127838664813,-0.13836322239618518,-0.8212073244576382,-0.20530183111440956,1.5940788643519517,0.3985197160879879,0.9842644499717185,0.24606611249292962,2.061563330872523,0.5153908327181308,0.48661940254610286,0.2762279936665606,0.10235605525722778,normal,0,none,-0.5293785440685816,False
2026-05-01 02:10:00,13,1771.1952662346712,31.002682725887855,30.709219020539496,0.05439330543933055,0.0,1.0156582408907502,False,outer_race,bpfo,0.4839475163110739,1.8091971790641936,2.7032607960750963,3.73841608456829,1.221459792739982,1.5035702932142216,1.3954437029921387,1.6717952100507696,2.1666666666666665,0.4836209311306441,True,True,-0.6575627206235006,-0.1878750630352859,-0.6773374480064809,-0.16933436200162022,-0.15502321821851936,-0.03875580455462984,-0.8665981653148201,-0.21664954132870504,-0.7071037926869166,-0.17677594817172915,0.17792894365138126,0.2611050628949945,0.09826216128416886,normal,0,none,0.2934637053483584,False
2026-05-01 02:20:00,14,1767.4214351847158,32.72474673197651,32.61560626267042,0.058577405857740586,0.0,1.0005968991590066,False,outer_race,bpfo,0.4820205936024495,1.740833574801406,2.723541318606165,3.6115336106099507,2.241034139909338,2.557079320336181,1.5896949282654835,1.389023980964947,2.3333333333333335,0.48272383354181103,True,True,-0.6914187983296898,-0.1975482280941971,0.6927378090596529,0.17318445226491322,-0.8141080453137282,-0.20352701132843204,0.711715774605525,0.17792894365138126,-0.2031422425448167,-0.05078556063620417,0.17792894365138126,0.24830873685751553,0.09491270790039127,normal,0,none,0.10914046930609089,False
2026-05-01 02:30:00,15,1771.033334752016,33.12468323445417,32.953887553500245,0.06276150627615062,0.0,0.992625342545447,False,outer_race,bpfo,0.479167922539508,1.8450863057257383,2.6942755654435,3.850604806655455,2.381183037066936,2.2277726568941048,1.2741403860561877,1.9763347773765043,2.5,0.4788883451556748,True,True,-0.8361684827103263,-0.23890528077437895,0.26447862954266216,0.06611965738566554,0.5547993783852275,0.13869984459630688,0.928668033812923,0.23216700845323074,-1.0218107272475445,-0.25545268181188613,0.23216700845323074,0.24582539402608708,0.09427464708604212,normal,0,none,0.1707956809539226,False
2026-05-01 02:40:00,16,1771.3247291478672,34.413587723036215,34.081733844353664,0.06694560669456066,0.0,0.9988671728763476,False,outer_race,bpfo,0.47922935432114006,1.8132253549166437,2.7094962624034613,3.7836274814283795,3.250249465757703,1.1757277003806414,1.177710308919768,1.8408861401272156,2.6666666666666665,0.4788709507581253,True,True,-0.8368249398030871,-0.23909283994373917,-1.1036926220867285,-0.2759231555216821,0.23909490607968578,0.059773726519921445,2.2739938189580347,0.5684984547395087,-1.2719870187257987,-0.31799675468144967,0.23216700845323074,0.24372410393795532,0.0937377538641274,normal,0,none,0.33185387868255134,False
2026-05-01 02:50:00,17,1770.1065097377925,32.95911289223396,33.1824485975739,0.07112970711297072,0.0,1.0159149888722074,False,outer_race,bpfo,0.4837816441991706,1.7249217246158661,2.6786434921975486,3.565496428603075,2.02164310221079,2.497157256913751,0.7907429176571931,1.6380195091659564,2.8333333333333335,0.4837525343937498,True,True,-0.6525960699964581,-0.18645601999898803,0.6148099182358799,0.15370247955896998,-0.23374781848869125,-0.05843695462217281,0.3720956830893434,0.09302392077233584,-2.275927591459432,-0.568981897864858,0.26111509101540264,0.24639964041140874,0.09442184935948844,normal,0,none,-0.22333570533994163,False
2026-05-01 03:00:00,18,1768.6397922154626,33.40447195926114,33.347461257229675,0.07531380753138076,0.0,1.053442423564267,False,outer_race,bpfo,0.50559725311736,2.074888375587248,2.714521588933516,4.103836329794342,2.455983674972017,2.3868870758342156,1.6830536676436387,1.1650347478098841,3.0,0.5059860927909656,True,True,0.18648887477571663,0.05328253565020475,0.471404932801632,0.117851233200408,-1.336183454054789,-0.33404586351369725,1.0444603640616106,0.26111509101540264,0.03906583078970709,0.009766457697426772,0.26111509101540264,0.24866355588894623,0.09500418876455094,normal,0,none,0.0570107020314623,False
2026-05-01 03:10:00,19,1771.1238392257358,32.85473174286686,33.01723686077673,0.0794979079497908,0.0,1.0383445816837844,False,outer_race,bpfo,0.5007709222374073,1.8456223795007498,2.746859254824682,3.6855621952941,1.937900402284985,2.954460384221262,1.4361114359942393,2.3544866826787607,3.1666666666666665,0.5004531657976519,True,True,-0.022321413603246548,-0.006377546743784728,1.2095268912974255,0.3023817228243564,1.4361980409281465,0.35904951023203663,0.24246092812869294,0.060615232032173234,-0.6015962277505117,-0.15039905693762792,0.35904951023203663,0.2656460104032678,0.09947586010139213,normal,0,none,-0.16250511790986621,False
2026-05-01 03:20:00,20,1768.42777200058,33.35756688950823,33.50449281113255,0.08368200836820083,0.0,1.0429697621000158,False,outer_race,bpfo,0.4984450489483711,2.034252433219271,2.7305527559924525,4.081196989540122,3.5924332040827345,2.231655112852016,1.7375502381317982,1.1601262466391409,3.3333333333333335,0.4988881935735216,True,True,-0.08138279319864104,-0.023252226628183156,0.2695277147499478,0.06738192868748695,-1.3476242171616821,-0.33690605429042053,2.8036985586975725,0.7009246396743931,0.1804506591324589,0.04511266478311472,0.7009246396743931,0.3326119533680563,0.11897588840173504,normal,0,none,-0.14692592162432305,False
2026-05-01 03:30:00,21,1771.0077157483772,32.456489335551524,32.460577226804475,0.08786610878661087,0.0,1.053713221564913,False,outer_race,bpfo,0.5054896494874357,1.8022094526057502,2.7382516167710236,3.565274688479146,3.643942900828161,2.812429180953561,1.123927852909896,1.9247872008248854,3.5,0.5052020223495636,True,True,0.15689839306930112,0.0448281123055146,1.0248170954449778,0.25620427386124445,0.4346519868399957,0.10866299670999892,2.8834362184769553,0.7208590546192388,-1.4115191625413348,-0.3528797906353337,0.7009246396743931,0.3892754435690312,0.13797953087626372,normal,0,none,-0.004087891252950726,False
2026-05-01 03:40:00,22,1769.5925594055961,32.01763859251354,31.942619776951386,0.09205020920502092,0.0,1.0664965045585069,False,outer_race,bpfo,0.5142516234909906,1.8773395003362707,2.7120121071181775,3.6506243530977605,1.7606639109067446,2.1984159700538433,1.50856206013978,1.6844648185681357,3.6666666666666665,0.5143700275756116,True,True,0.5028949727140967,0.14368427791831334,0.22630062704451645,0.05657515676112911,-0.1254928209216365,-0.031373205230409124,-0.03190339437655329,-0.007975848594138323,-0.4136317564748725,-0.10340793911871812,0.25860692320899853,0.3691725942828723,0.13096170759676637,normal,0,none,0.0750188155621565,False
2026-05-01 03:50:00,23,1768.3962261606894,31.98857495815026,32.212643720381834,0.09623430962343096,0.0,1.0952352828429293,False,outer_race,bpfo,0.5245523308006859,1.9445933879668973,2.7089364574147656,3.707148503179151,2.146600645216955,2.4228941538614217,1.5639187259359464,2.007666701091061,3.8333333333333335,0.5250280518484026,True,True,0.9051242312314948,0.25860692320899853,0.5182316855054926,0.12955792137637315,0.6278280085988814,0.15695700214972036,0.5655315346016669,0.14138288365041674,-0.2700155138175743,-0.06750387845439358,0.25860692320899853,0.3521624910407378,0.12526247579409752,normal,0,none,-0.22406876223157468,False
2026-05-01 04:00:00,24,1770.0161421472571,32.63802753278135,32.84569536056838,0.100418410041841,0.0,1.1044609895102513,False,outer_race,bpfo,0.5314399462950147,1.9313571135594187,2.682698604775128,3.634196350921798,1.566402590992404,2.0267416933337596,2.057527952468792,2.4098766448114186,4.0,0.5314350996827906,True,True,1.1469234647245603,0.3276924184927315,0.003040386502047442,0.0007600966255118606,1.5653012871566834,0.39132532178917084,-0.3326223660330665,-0.08315559150826662,1.0105945344222131,0.2526486336055533,0.39132532178917084,0.3581875419251121,0.12725645439048877,normal,0,none,-0.2076678277870272,False
2026-05-01 04:10:00,25,1769.5621188327148,32.81569080608533,32.999643665048445,0.10460251046025104,0.0,1.1320299317312006,False,outer_race,bpfo,0.5424809407000714,1.9691416929882075,2.690048497554903,3.629881799067505,2.1951321814126667,1.6097765737339902,1.8495872242627196,1.503066397486969,4.166666666666667,0.542615178534966,True,True,1.5688548388495818,0.44824423967130905,-0.5392175142051783,-0.13480437855129457,-0.5482973169099412,-0.1370743292274853,0.6406589643139777,0.16016474107849443,0.4711172076926335,0.11777930192315837,0.44824423967130905,0.3720424185014501,0.1319446750771145,normal,0,none,-0.1839528589631172,False
2026-05-01 04:20:00,26,1768.6209135849892,32.62175138603809,32.873456632989985,0.1087866108786611,0.0,1.1392281895238157,False,outer_race,bpfo,0.5513115757199678,2.084369189954742,2.6886080462958453,3.780746281687857,1.4915842101261902,2.0534944050054107,2.3286367531705077,2.9000405526676207,4.333333333333333,0.5517414622483209,True,True,1.9132768665244018,0.5466505332926862,0.03783195200090701,0.009457988000226753,2.7077781774051837,0.6769445443512959,-0.44844216260921554,-0.11211054065230389,1.7139538633867668,0.4284884658466917,0.6769445443512959,0.4189504378629648,0.14891343430703344,normal,0,none,-0.251705246951893,False
2026-05-01 04:30:00,27,1772.049992683997,33.35079575200376,32.298048938431634,0.11297071129707113,0.0,1.1332418914739195,False,outer_race,bpfo,0.547077109223945,2.08595657701838,2.687114783239732,3.812911455895877,2.323113459241077,2.9636327726043135,1.6164589311517918,3.0489129758186073,4.5,0.546444224104382,True,True,1.7133613740943356,0.4895318211698102,1.2214554671788782,0.30536386679471955,3.054770888045957,0.7636927220114893,0.8387755954416596,0.2096938988604149,-0.13370624097719927,-0.03342656024429982,0.7636927220114893,0.47198771234735315,0.17022452334016883,normal,0,none,1.0527468135721278,False
2026-05-01 04:40:00,28,1768.2618377349957,34.773073175768545,34.25911282683418,0.11715481171548117,0.0,1.1256657171554265,False,outer_race,bpfo,0.5419482850305027,2.0183444727700945,2.7016405113157935,3.7242381395422166,1.2435260535954435,1.2412866190651277,2.865141511248994,2.4188623498127977,4.666666666666667,0.5424810082044815,True,True,1.5637913082022017,0.4467975166292005,-1.0184340717969385,-0.2546085179492346,1.5862452206901938,0.39656130517254845,-0.8324393153920212,-0.2081098288480053,3.1058512331942336,0.7764628082985584,0.7636927220114893,0.5168654061418356,0.19009334156974445,normal,0,none,0.5139603489343614,False
2026-05-01 04:50:00,29,1770.4676145566896,35.21244155631393,34.73481314788986,0.12133891213389121,0.0,1.1224699942558947,False,outer_race,bpfo,0.5378633742246308,1.9589133420758387,2.671771291486015,3.6420277638345513,1.8018824310898744,1.0059157434354742,1.426533800382281,1.3346096570469141,4.833333333333333,0.5377213141602559,True,True,1.3841624992243453,0.39547499977838435,-1.3245309391537734,-0.33113273478844335,-0.9409372683112861,-0.23523431707782153,0.03190339437655363,0.007975848594138408,-0.6264442568062185,-0.15661106420155463,0.7764628082985584,0.5568034680121007,0.20922725895571087,normal,0,none,0.4776284084240672,False
2026-05-01 05:00:00,30,1769.9864629186052,33.44384297768974,33.78709156339877,0.12552301255230125,0.0,1.1015277746121384,False,outer_race,bpfo,0.528181557572727,2.059571897656849,2.6702679910642955,3.8993635202290453,1.6382623733667596,2.736317802785488,3.1471292857280067,1.9106020648056368,5.0,0.5281855971723997,True,True,1.02428863561822,0.29265389589092,0.9258352041420108,0.2314588010355027,0.40158918921806724,0.10039729730451681,-0.2213825172118714,-0.05534562930296785,3.8374347573011702,0.9593586893252926,0.39547499977838435,0.5319837036684519,0.19717439992282176,normal,0,none,-0.34324858570902705,False
2026-05-01 05:10:00,31,1771.0398968662212,34.65370760094205,34.636715761825386,0.1297071129707113,0.0,1.0989303165764674,False,outer_race,bpfo,0.5266385007080222,1.9616794516126972,2.7024474363126507,3.724907026310041,1.420163024547037,1.755307889770935,1.3925560271515949,2.0598438996533166,5.166666666666667,0.5263292757563501,True,True,0.9542318626519829,0.2726376750434237,-0.34995586565984704,-0.08748896641496176,0.7494429267922709,0.18736073169806772,-0.5590030580634551,-0.13975076451586377,-0.7145955219713036,-0.1786488804928259,0.2726376750434237,0.4920843146492168,0.1789104089295545,normal,0,none,0.016991839116663243,False
2026-05-01 05:20:00,32,1768.9792096256706,35.83487404846218,35.78106470034566,0.13389121338912133,0.0,1.0816005546298344,False,outer_race,bpfo,0.5219173101913944,2.0947536818255865,2.7172556951910165,4.013573876400863,1.4239648551888473,1.4865067963461567,1.6864184975224268,2.165130935800794,5.333333333333333,0.5222184828470934,True,True,0.7990923038099087,0.22831208680283105,-0.6995283113556328,-0.1748820778389082,0.9948465636437629,0.24871164091094072,-0.553117776312453,-0.13827944407811324,0.04779547910617088,0.01194886977654272,0.24871164091094072,0.45464236484332815,0.16300013154854529,normal,0,none,0.05380934811652338,False
2026-05-01 05:30:00,33,1768.9548392775525,35.178147138818694,35.60310024586835,0.13807531380753138,0.0,1.0624246105365713,False,outer_race,bpfo,0.5135935564456087,1.9073638930849262,2.7314778691280224,3.71376133743789,1.2966979192040635,1.4647373711365848,1.4205849926766352,1.4773045299666063,5.5,0.5138970055787241,True,True,0.4850433257107966,0.1385838073459419,-0.7278391754036286,-0.18195979385090716,-0.6083432277163568,-0.1520858069290892,-0.7501285972627858,-0.18753214931569645,-0.6418777262662738,-0.16046943156656845,0.24871164091094072,0.4229607150075762,0.1504446496842023,normal,0,none,-0.42495310704965306,False
2026-05-01 05:40:00,34,1769.4573339395602,35.708176314321655,35.32010858574003,0.14225941422594143,0.0,1.0454063943011807,False,outer_race,bpfo,0.5002115047504464,1.8941910702154143,2.698645153566203,3.786780296387663,1.282575362931821,2.0220659288320264,2.388910386514861,1.4634884420163299,5.666666666666667,0.5003649121265176,True,True,-0.025652069247596162,-0.007329162642170332,-0.003040386502046865,-0.0007600966255117162,-0.6405458459504646,-0.16013646148761615,-0.7719904923699675,-0.19299762309249188,1.8703265897372607,0.4675816474343152,0.3772152144636935,0.4159229456931327,0.14776600410937532,normal,0,none,0.38806772858162475,False
2026-05-01 05:50:00,35,1771.3677139739557,35.84875936035243,35.5221706941726,0.14644351464435146,0.0,1.0465980425656043,False,outer_race,bpfo,0.5023007907724084,1.851153075430088,2.6970616544127175,3.68534772279274,1.6825958559131562,2.461366731601914,2.2495839611304222,1.14280394632067,5.833333333333333,0.5019129527163974,True,True,0.03277031774318905,0.009362947926625443,0.5682647896183252,0.1420661974045813,-1.3879991355973393,-0.34699978389933483,-0.15275372746009244,-0.03818843186502311,1.508860857854774,0.3772152144636935,0.4152265628498206,0.41581580987108463,0.1477255334596297,normal,0,none,0.3265886661798305,False
2026-05-01 06:00:00,36,1773.2940531921938,35.93836275098867,35.74907205037436,0.1506276150627615,0.0,1.0419786706242,False,outer_race,bpfo,0.49705884470554124,1.8181709813595375,2.746758493322092,3.6578586232312715,1.5249593577411862,3.1036870238072143,2.3081896305209955,2.0629141938682993,6.0,0.4961355131964985,True,False,-0.18526776837288497,-0.05293364810653856,1.4035942617027581,0.35089856542568953,0.7565991864243254,0.18914979660608136,-0.3967770134478101,-0.09919425336195252,1.6609062513992825,0.4152265628498206,0.4152265628498206,0.4157251564831978,0.1476912962209683,normal,0,none,0.18929070061430764,False
2026-05-01 06:10:00,37,1773.7875621674714,36.285297321162105,35.99000800567204,0.15481171548117154,0.0,1.031896146324739,True,outer_race,bpfo,0.9566923247251748,3.7598083295525395,2.960951485294566,3.9300078325940415,2.1698586824078823,0.6984235962727567,1.9497782089675129,2.144356213074188,6.166666666666667,0.9546495030635934,True,False,17.118853281052967,4.891100937443705,-1.7244206142528813,-0.4311051535632203,0.9464247189586354,0.23660617973965886,0.6015352693126671,0.15038381732816677,0.7310507236384894,0.18276268090962236,0.4152265628498206,0.4156484497703705,0.1476623313737459,normal,0,none,0.29528931549006643,False
2026-05-01 06:20:00,38,1767.9077854494055,36.006578471480424,35.681300515096915,0.1589958158995816,0.0,1.0173286040829754,False,outer_race,bpfo,0.4866862256607886,1.8918484460677414,2.7077806181540445,3.887203595086591,1.6731875197911337,2.101921285522365,1.455600850323304,1.674419398639435,6.333333333333333,0.4872621900924643,True,False,-0.520143171296538,-0.1486123346561537,0.10081050184250795,0.025202625460626987,-0.14890674417758795,-0.03722668604439699,-0.1673179503576873,-0.04182948758942182,-0.5510332753530893,-0.13775831883827233,0.466017787833002,0.42339757870308303,0.15061223446699576,normal,0,none,0.3252779563835091,False
2026-05-01 06:30:00,39,1772.3167683477805,35.19258703749301,35.37207307946111,0.16317991631799164,0.0,1.0351070672255993,False,outer_race,bpfo,0.4937559445911454,1.8477497112972596,2.6865594703442914,3.7422328410188332,2.8084843813148166,3.4577672522497607,2.3751026361456105,1.2804155983692336,6.5,0.49311050797146955,True,False,-0.2994301663494869,-0.08555147609985339,1.864071151332008,0.466017787833002,-1.0672530958042095,-0.26681327395105237,1.590135900325564,0.397533975081391,1.8345040343311325,0.45862600858278313,0.466017787833002,0.4299545339538398,0.15314602513712594,normal,0,none,-0.17948604196809725,False
2026-05-01 06:40:00,40,1768.0851144268775,35.078102750362596,35.090033490498826,0.16736401673640167,0.0,1.0366702532570684,False,outer_race,bpfo,0.4948676499254339,1.8044825534890596,2.686508527736982,3.646394250585903,3.6471440337619803,1.4192207917677475,2.095708479111822,2.6798310583420073,6.666666666666667,0.495403605415198,True,False,-0.21288965369052085,-0.06082561534014881,-0.7870329151572335,-0.19675822878930838,2.194512605934083,0.5486281514835207,2.8883916126049187,0.7220979031512297,1.1096493402036793,0.27741233505091983,0.6208100796039182,0.4593169255923134,0.16492245112255097,normal,0,none,-0.01193074013622919,False
2026-05-01 06:50:00,41,1770.4673544942045,35.37236607037638,35.38511063163431,0.17154811715481172,0.0,1.0268834713828578,False,outer_race,bpfo,0.4928883499407502,1.6704850670872269,2.730550370154369,3.389175392942509,3.385420522469501,2.965382591424533,1.614830844933253,2.0138116019727175,6.833333333333333,0.49275824102634347,True,False,-0.3127245695626582,-0.08934987701790234,1.2237310845757985,0.3059327711439496,0.6421505793504994,0.16053764483762484,2.483240318415673,0.6208100796039182,-0.13793011577286812,-0.03448252894321703,0.6208100796039182,0.48416202620948334,0.17544562524223256,normal,0,none,-0.012744561257932219,False
2026-05-01 07:00:00,42,1770.2669983066094,35.04790867847346,35.06940149726406,0.17573221757322174,0.0,1.0210952368244606,False,outer_race,bpfo,0.49100528949137884,1.9174389000509588,2.7215251403507086,3.9051288063254677,0.9880720399102293,1.2201457138687417,0.9463470388937346,2.5608807574936345,7.0,0.4909312342325078,True,False,-0.38167502127694497,-0.10905000607912714,-1.0459275534623749,-0.2614818883655937,1.9172625521679039,0.47931563804197597,-1.2278853482657819,-0.30697133706644547,-1.8722313262929267,-0.46805783157323166,0.47931563804197597,0.4834164280298668,0.1751222754473062,normal,0,none,-0.021492818790598278,False
2026-05-01 07:10:00,43,1769.6443753716574,35.06863700017866,35.05815051918128,0.1799163179916318,0.0,1.0371269624600856,False,outer_race,bpfo,0.4984665680865689,2.100290047575577,2.7183320220778096,4.213502333040756,1.5210097729146315,2.260302188012293,1.6417185028309684,2.10504057297507,7.166666666666667,0.4985667390533937,True,False,-0.09351434872607511,-0.026718385350307176,0.30678287617142247,0.07669571904285562,0.854787596113298,0.2136968990283245,-0.4028910205390593,-0.10072275513476482,-0.06817330608090594,-0.017043326520226484,0.2136968990283245,0.4419211158757833,0.15786014019240108,normal,0,none,0.010486480997379033,False
2026-05-01 07:20:00,44,1767.7717927279289,34.86198901334597,34.38020279744413,0.18410041841004185,0.0,1.0394331257982312,False,outer_race,bpfo,0.49972186955907544,1.9854871126040143,2.7137759584785206,3.9731843522395547,2.0246196347362186,1.8934265034072884,1.3603019595975847,1.4560144701831808,7.333333333333333,0.5003517494498764,True,False,-0.026148823010768735,-0.007471092288791067,-0.17033434347849208,-0.04258358586962302,-0.6579662230138981,-0.16449155575347452,0.37670339295430116,0.09417584823857529,-0.7982748391031964,-0.1995687097757991,0.2136968990283245,0.40680969789925114,0.1443561265558566,normal,0,none,0.4817862159018418,False
2026-05-01 07:30:00,45,1768.3472892369564,34.5314973826943,34.37075105801415,0.18828451882845187,0.0,1.0807804345992533,False,outer_race,bpfo,0.5174490215058757,1.9048393351144826,2.7055467831519926,3.681211589831662,2.640992091680758,1.901073463881159,1.3997489202779383,1.4264564687704888,7.5,0.5179326332785033,True,False,0.6373461818300538,0.18209890909430107,-0.16038956743263852,-0.04009739185815963,-0.7268601847982893,-0.18171504619957232,1.3308557249341952,0.3327139312335488,-0.6959344218168125,-0.17398360545420313,0.3327139312335488,0.39541034918145074,0.14018323040283504,normal,0,none,0.16074632468014727,False
2026-05-01 07:40:00,46,1771.4828109382586,33.888270421637685,33.816805404792476,0.19246861924686193,0.0,1.0715834578916485,False,outer_race,bpfo,0.5149436837825789,2.023189478257038,2.726755926693935,3.92895289713132,1.355003366417541,1.8696134977483432,1.450762453818943,2.5132472046680054,7.666666666666667,0.5145126527151673,True,False,0.5082775842245536,0.14522216692130102,-0.20130285823230037,-0.050325714558075094,1.806237989911318,0.4515594974778295,-0.6598710301066404,-0.1649677575266601,-0.5635859158788246,-0.14089647896970614,0.3327139312335488,0.385764746420235,0.1367316011751208,normal,0,none,0.07146501684520956,False
2026-05-01 07:50:00,47,1771.8421961530985,33.63971188306573,34.05898799804112,0.19665271966527198,0.0,1.0492707315521967,False,outer_race,bpfo,0.501070145670461,1.8123341232872032,2.7366142796631876,3.6169269691016908,0.7074686620443194,1.8745184841886575,1.89303910809935,1.9208417527970554,7.833333333333333,0.5005491796968597,True,False,-0.018697890284356918,-0.00534225436695912,-0.19492398497624652,-0.04873099624406163,0.425455913605663,0.10636397840141575,-1.6622629138685945,-0.4155657284671486,0.5838479186783088,0.1459619796695772,0.1459619796695772,0.3488720130739799,0.12418484026862793,normal,0,none,-0.4192761149753892,False
2026-05-01 08:00:00,48,1771.740902218725,33.58095563177664,33.536595746498406,0.200836820083682,0.0,1.0683153234099336,False,outer_race,bpfo,0.512516087667638,1.859821035910396,2.7190916370891656,3.628805184192526,1.6876559030201221,1.5481192469288123,1.6391121237365023,1.857495540881058,8.0,0.5120124923659574,True,False,0.4139226064446077,0.11826360184131648,-0.6194020932622644,-0.1548505233155661,0.27780819405948515,0.06945204851487129,-0.14492071076273197,-0.03623017769068299,-0.07493524463165012,-0.01873381115791253,0.1459619796695772,0.31765508485791794,0.11435234682527712,normal,0,none,0.04435988527823298,False
2026-05-01 08:10:00,49,1770.8624730553465,35.06726072625326,35.05938878022103,0.20502092050209206,0.0,1.082657145112469,False,outer_race,bpfo,0.5199874618702717,1.9881446572921895,2.6952991211657165,3.823447300327789,1.4715025205466237,1.7164288026400956,1.2333406362785424,1.1743803613522095,8.166666666666666,0.5197342094682332,True,False,0.7053368934676361,0.20152482670503888,-0.400517630128824,-0.100129407532206,-1.3144006435985927,-0.32860016089964816,-0.47952887118380694,-0.11988221779595173,-1.1276607939043615,-0.28191519847609037,0.20152482670503888,0.2997888912959365,0.10903528048873606,normal,0,none,0.007871946032231847,False
2026-05-01 08:20:00,50,1771.3665704291732,33.92425735222436,34.145564091590224,0.20920502092050208,0.0,1.1006730202172492,False,outer_race,bpfo,0.5261681946880833,1.8851845716705038,2.6830316838558628,3.5828554266531754,1.3615803428992013,1.292856421731233,1.4167740102260253,1.324826123267884,8.333333333333334,0.525762267474803,True,False,0.932833213632,0.2665237753234286,-0.9513681911773557,-0.23784204779433893,-0.9637407858048398,-0.24093519645120995,-0.6496897876181918,-0.16242244690454796,-0.6517648640213695,-0.16294121600534237,0.2665237753234286,0.29467118114631985,0.10755270458129221,normal,0,none,-0.22130673936586476,False
2026-05-01 08:30:00,51,1769.6887047739601,34.37521932843734,34.16706681793659,0.21338912133891214,0.0,1.0845766331944406,False,outer_race,bpfo,0.5177153158699103,1.989630884508299,2.714163561987095,3.8430983660685185,3.3748310677090783,2.6512920328529264,2.323250005622168,1.4901654254855903,8.5,0.5178063840367824,True,False,0.6325815896705654,0.180737597048733,0.8152602583194397,0.20381506457985993,-0.5783669775623979,-0.14459174439059946,2.4668477089792615,0.6167119272448154,1.6999785917205756,0.4249946479301439,0.3594108318625157,0.30463112741035,0.11045453624679542,normal,0,none,0.2081525105007458,False
2026-05-01 08:40:00,52,1770.564580800328,33.7678516201783,34.10135297716212,0.2175732217573222,0.0,1.0584286248273826,False,outer_race,bpfo,0.507883595713303,1.7989452302536235,2.6736223703236828,3.5420423999461415,2.386735670002424,1.9089203020241303,2.2221332706200925,1.5759059907872675,8.666666666666666,0.5077216466208775,True,False,0.2519879309098483,0.07199655168852807,-0.15018485298870318,-0.037546213247175796,-0.37852236876116024,-0.09463059219029006,0.9372635795812849,0.23431589489532123,1.4376433274500628,0.3594108318625157,0.3594108318625157,0.3130587742491447,0.11296326918015237,normal,0,none,-0.3335013569838239,False
2026-05-01 08:50:00,53,1770.6429580514784,34.73140915773127,34.81676935347015,0.2217573221757322,0.0,1.085978948877395,False,outer_race,bpfo,0.5244384810892481,2.0612752706444852,2.737794257468898,3.9304424541144622,1.5800292393346131,2.1312466951016886,1.8397386505674234,2.2331389107047555,8.833333333333334,0.5242480463421477,True,False,0.875687158431675,0.25019633098047855,0.13894782865566543,0.03473695716391636,1.1533599475038605,0.2883399868759651,-0.31152814265189627,-0.07788203566297407,0.445566262213726,0.1113915655534315,0.2883399868759651,0.30925588388404013,0.11182512891578762,normal,0,none,-0.08536019573887899,False
2026-05-01 09:00:00,54,1771.7513682057947,32.67788739339332,33.08442368724816,0.22594142259414227,0.0,1.0699480582375056,False,outer_race,bpfo,0.512404404331559,1.9131157439789659,2.6903886949306504,3.7336051911471384,1.4499706767317424,1.0326998366258362,1.014197982024249,2.1436255838177503,9.0,0.5118978948978091,True,False,0.409597747215406,0.11702792777583028,-1.289698562384001,-0.32242464059600023,0.9447217640338836,0.2361804410084709,-0.5128604367921067,-0.12821510919802667,-1.6962001767825938,-0.42405004419564846,0.2883399868759651,0.3060380535751055,0.11086992838175631,normal,0,none,-0.4065362938548418,False
2026-05-01 09:10:00,55,1771.4889762119096,31.89086259248363,31.918104844823375,0.2301255230125523,0.0,1.0728738922926582,False,outer_race,bpfo,0.5175933141149179,1.8644911506399044,2.685716522028854,3.6022319063919426,1.5662844176440525,1.948838276151559,2.0601832377446447,2.2712995613166926,9.166666666666666,0.517158265326859,True,False,0.6081218679199561,0.17374910511998748,-0.0982720290297065,-0.024568007257426625,1.2423050141279328,0.3105762535319832,-0.33280529986574686,-0.08320132496643672,1.0174833542060016,0.2543708385515004,0.3105762535319832,0.30673623818385587,0.11107657321458383,normal,0,none,-0.027242252339746642,False
2026-05-01 09:20:00,56,1770.8530494181462,32.60947237746999,32.70455561736723,0.23430962343096234,0.0,1.0993185372089065,False,outer_race,bpfo,0.5307858863759078,1.8994997660474295,2.686868412042222,3.5786553764961733,1.1726189409266834,1.1154224232858938,1.1739019430196194,2.341821791328383,9.333333333333334,0.5305301979709992,True,False,1.112772862769734,0.3179351036484954,-1.1821188774779563,-0.2955297193694891,1.4066786384315448,0.3516696596078862,-0.9422044195017044,-0.2355511048754261,-1.2818673681539503,-0.3204668420384876,0.3494217747425004,0.3133032438082627,0.11303677947679827,normal,0,none,-0.09508323989723522,False
2026-05-01 09:30:00,57,1766.7238736177553,31.48066851796236,32.06779920884086,0.2384937238493724,0.0,1.1110008878453457,False,outer_race,bpfo,0.5324629255203106,2.0862708408048696,2.7115371231210377,3.9181523084752117,1.2953939185133696,1.8051525586688393,2.0529821276142397,1.7947598018828745,9.5,0.533450298739133,True,False,1.2229762115987515,0.3494217747425004,-0.2851334998370939,-0.07128337495927348,0.13158336834442438,0.032895842086106096,-0.7521472067673324,-0.1880368016918331,0.9988009360181308,0.2497002340045327,0.3516696596078862,0.31920576931589706,0.1148243335781469,normal,0,none,-0.5871306908784995,False
2026-05-01 09:40:00,58,1767.7956160922984,31.2419746637535,31.008310493300147,0.24267782426778242,0.0,1.1144108443503433,False,outer_race,bpfo,0.5339069512525795,2.1570092328117023,2.742104324822203,4.040047105120513,3.954334699786789,2.6585653105356566,1.801946771401858,2.282883677830871,9.666666666666666,0.5345727159376129,True,False,1.265335754600011,0.36152450131428887,0.8247190645890954,0.20617976614727385,1.2693053403438674,0.31732633508596686,3.3639266353783355,0.8409816588445839,0.34751975578752076,0.08687993894688019,0.3494217747425004,0.3238543855353745,0.11624941742166628,normal,0,none,0.23366417045335197,False
2026-05-01 09:50:00,59,1768.0521886649362,30.205249705799275,30.155489381052217,0.24686192468619247,0.0,1.0754067896753814,False,outer_race,bpfo,0.5161062821564412,2.079892647188246,2.6941676120187616,4.029969638226169,1.5570767170484143,1.8722650776070793,1.7943747834431267,1.4450323947128652,9.833333333333334,0.5166748613380552,True,False,0.5898784090007156,0.16853668828591875,-0.1978545119314493,-0.04946362798286232,-0.6835633084596124,-0.1708908271149031,-0.3470589364397304,-0.0867647341099326,0.3278751394718719,0.08196878486796798,0.37735570006637276,0.3320853570016819,0.11881039357081895,normal,0,none,0.049760324747058604,False
2026-05-01 10:00:00,60,1769.8274327174217,30.29513493465603,29.181485279716373,0.2510460251046025,0.0,1.0873330053687047,False,outer_race,bpfo,0.5226082407787959,1.9391843166751477,2.7285492832211276,3.7105888605685906,1.9024040539487226,2.555879952915642,2.24980056099163,1.8615382792477018,10.0,0.522659197771719,True,False,0.8157246957816796,0.23306419879476561,0.6911780467940168,0.1727945116985042,0.28723103218196555,0.07180775804549139,0.1875121335155959,0.046878033378898974,1.509422800265491,0.37735570006637276,0.37735570006637276,0.33905002516548044,0.12101536201436004,normal,0,none,1.1136496549396568,False
2026-05-01 10:10:00,61,1768.1191797192087,30.320884436421153,30.240495828839013,0.25523012552301255,0.0,1.0934704514541187,True,outer_race,bpfo,1.0204815954462185,4.641574161419576,2.9997085204104024,4.54841535813293,2.3958666105393047,1.433348350088629,1.5058499409133654,1.2628838902902126,10.166666666666666,1.0215671232222332,True,False,19.644295525247625,5.612655864356464,-0.7686602030115427,-0.19216505075288567,-1.1081161030673643,-0.2770290257668411,0.9513983906168442,0.23784959765421104,-0.42066802513979723,-0.10516700628494931,0.5844389574690687,0.3768021685968017,0.1335887656469548,normal,0,none,0.08038860758214028,False
2026-05-01 10:20:00,62,1768.4500069123526,33.03893724216034,32.55145233239898,0.2594142259414226,0.0,1.1010201336232879,False,outer_race,bpfo,0.5276219211777234,1.8471191258984572,2.704805536049893,3.5008384825547765,1.6036119858020805,1.5301660831032007,1.823527828479762,2.741287582338877,10.333333333333334,0.5280843658764823,True,False,1.0204682099883466,0.2915623457109562,-0.6427499573149544,-0.1606874893287386,2.337755829876275,0.5844389574690687,-0.2750217538882444,-0.0687554384720611,0.4035092249060873,0.10087730622652183,0.5844389574690687,0.4087462899617659,0.1450752189843531,normal,0,none,0.4874849097613563,False
2026-05-01 10:30:00,63,1770.3610846833049,31.998871368615937,32.218183158158276,0.26359832635983266,0.0,1.1312582370859057,False,outer_race,bpfo,0.5417944889910655,2.1575599064077062,2.7551985550004687,3.9822477899794317,2.1407167887795344,1.5548174521165168,1.280656384703063,1.6808816942013192,10.5,0.5416839840250639,True,False,1.5337119579866072,0.43820341656760203,-0.6106911615491339,-0.15267279038728349,-0.13384438805736917,-0.03346109701434229,0.5564232506776422,0.13910581266941055,-1.0049057487889417,-0.2512264371972354,0.43820341656760203,0.41327815559343295,0.14676960914707687,normal,0,none,-0.21931178954233843,False
2026-05-01 10:40:00,64,1770.45704248373,30.673149617417604,30.1568581638372,0.26778242677824265,0.0,1.1244780982862597,False,outer_race,bpfo,0.5386041839140768,2.1276044781331036,2.734032364415191,3.950218995091429,1.9138009316199693,1.8240953701764222,2.1628665916205643,2.072614152606663,10.666666666666666,0.5384651435487606,True,False,1.412234300877631,0.403495514536466,-0.2604986114045693,-0.06512465285114233,0.7792079067265056,0.1948019766816264,0.20515464379455237,0.05128866094863809,1.2838830236046332,0.3209707559011583,0.43820341656760203,0.4171128111279205,0.1482160931327689,normal,0,none,0.5162914535804042,False
2026-05-01 10:50:00,65,1766.829730003339,30.120466633058406,30.735778759659482,0.2719665271966527,0.0,1.1270162330762372,False,outer_race,bpfo,0.5358606906756817,2.0735242730530725,2.7261207248032444,3.869521144457355,1.040081561139745,1.8883363145899394,2.5973336680485937,2.121955546709805,10.833333333333334,0.5368221998925523,True,False,1.3502303129237287,0.38578008940677966,-0.17695407009962633,-0.04423851752490658,0.8942131153760592,0.2235532788440148,-1.147373953885346,-0.2868434884713365,2.411055843308957,0.6027639608272393,0.44198396167600684,0.4209391419814722,0.1496711536755464,normal,0,none,-0.6153121266010757,False
2026-05-01 11:00:00,66,1769.7255131791671,31.04471393896418,30.91690035251201,0.27615062761506276,0.0,1.1237349822719354,False,outer_race,bpfo,0.5419505377457049,1.9020586513770175,2.687058045180334,3.5096535917997467,2.0416508478121,2.819206449039347,1.4884822260824313,1.551559566870523,11.0,0.542034595007154,True,False,1.546943865866024,0.44198396167600684,1.033630847463986,0.2584077118659965,-0.43526915537531025,-0.10881728884382756,0.4030679254536187,0.10076698136340467,-0.46572648217813517,-0.11643162054453379,0.4821513502353316,0.43035640478975823,0.15330244921356692,normal,0,none,0.1278135864521701,False
2026-05-01 11:10:00,67,1769.9467304248765,31.28015621533353,30.20035242495055,0.2803347280334728,0.0,1.114903714624498,False,outer_race,bpfo,0.5322619927318967,1.856858543918309,2.7206772234778582,3.488617577948345,2.1320834304484886,1.4709142295896618,2.411373867073391,2.159906157698862,11.166666666666666,0.5322780120672359,True,False,1.1787346160892769,0.33678131888265056,-0.7198062485704531,-0.17995156214261326,0.9826686204242362,0.24566715510605905,0.5430587031681375,0.13576467579203438,1.9286054009413265,0.4821513502353316,0.44198396167600684,0.4321452596953349,0.15400033043681097,normal,0,none,1.0798037903829787,False
2026-05-01 11:20:00,68,1771.6877619989193,31.37016634403128,31.388541967157185,0.28451882845188287,0.0,1.0917225018460708,False,outer_race,bpfo,0.5251531146102577,1.9546323881395362,2.7068764113184796,3.722023794127483,2.3678444757880466,1.4085074740364476,1.0941329547172234,2.317220414268086,11.333333333333334,0.5246528382695479,True,False,0.8909638319168032,0.25456109483337236,-0.8009654503010855,-0.20024136257527136,1.3493376055460211,0.3373344013865053,0.9080197728367613,0.22700494320919032,-1.4888184591525966,-0.37220461478814915,0.39045521949991785,0.4257314073575784,0.15151011464539096,normal,0,none,-0.01837562312590535,False
2026-05-01 11:30:00,69,1772.330376917833,30.01687935087269,30.154827406531577,0.28870292887029286,0.0,1.1106839938395832,False,outer_race,bpfo,0.532881396099885,2.3861378032088933,2.7123525432826496,4.477802791902361,2.5107258026119763,1.7157169412320388,1.597813935289888,2.408383423401077,11.5,0.5321807284808076,True,False,1.1750631753200074,0.3357323358057164,-0.40144339694859515,-0.10036084923714879,1.5618208779996714,0.39045521949991785,1.1292018676066138,0.28230046690165345,-0.18207845074697473,-0.045519612686743684,0.39045521949991785,0.42030430153332293,0.14942892750511588,normal,0,none,-0.1379480556588888,False
2026-05-01 11:40:00,70,1767.2198244124347,29.729125262597346,29.404168386716304,0.2928870292887029,0.0,1.0908729401559583,False,outer_race,bpfo,0.5237481837266448,1.9797860332845774,2.695628130495175,3.7800341744342343,1.9123505910860708,1.353802643890773,2.0874920141126245,2.5525043949993558,11.666666666666666,0.5245721400303902,True,False,0.8879183150302523,0.25369094715150065,-0.8721083947800202,-0.21802709869500506,1.897738877697638,0.4744347194244095,0.2029094983682881,0.05072737459207202,1.0883327053569387,0.2720831763392347,0.4744347194244095,0.42863205813195165,0.15263218803866557,normal,0,none,0.3249568758810426,False
2026-05-01 11:50:00,71,1771.0197721487539,29.23849235906127,29.843267143815282,0.29707112970711297,0.0,1.105916418400744,False,outer_race,bpfo,0.5325206407079879,2.0800427963708903,2.7130745821052087,3.906032249952728,0.9296552766912415,1.8194443170864147,2.77297561785909,2.2505429116964772,11.833333333333334,0.5322140096208761,True,False,1.1763191912522046,0.3360911975006299,-0.26654724752810444,-0.06663681188202611,1.1939252943444063,0.2984813235861016,-1.3183152340014612,-0.3295788085003653,2.866737855980539,0.7166844639951347,0.4744347194244095,0.4356786214077144,0.1553864250505875,normal,0,none,-0.6047747847540137,False
2026-05-01 12:00:00,72,1770.618476653258,30.276097138531217,30.123428143547144,0.301255230125523,0.0,1.133074365562541,False,outer_race,bpfo,0.5436254149553091,1.9689082925590842,2.714014852199676,3.6218106041288487,2.489050270714562,1.3957005688288986,1.896747092310873,1.7622702055301696,12.0,0.5434355267147306,True,False,1.5998144268207968,0.4570898362345134,-0.8176206696610834,-0.20440516741527084,0.055856428005608624,0.013964107001402156,1.0956478710355384,0.2739119677588846,0.5934678398320206,0.14836695995800514,0.4570898362345134,0.43897265445799116,0.1566877876147204,normal,0,none,0.15266899498407227,False
2026-05-01 12:10:00,73,1769.0733449157512,30.121559512379672,30.551048183328657,0.3054393305439331,0.0,1.1025672236523671,False,outer_race,bpfo,0.5287995226857818,1.8797208717055636,2.7252933738199805,3.554694720899953,1.5286392404985165,1.6633859399290833,1.7942353305216248,1.7922437881496707,12.166666666666666,0.5290765121998985,True,False,1.057911386115017,0.302260396032862,-0.4694992068342895,-0.11737480170857237,0.12571902888641484,0.03142975722160371,-0.39108050855898885,-0.09777012713974721,0.32751334556095535,0.08187833639023884,0.4570898362345134,0.4417599131928407,0.1577958598225948,normal,0,none,-0.42948867094898446,False
2026-05-01 12:20:00,74,1766.7013139914275,30.55884706105299,30.773209276371254,0.30962343096234307,0.0,1.112558326854804,False,outer_race,bpfo,0.5341385864871125,1.9296348645613854,2.6962638703756863,3.6126108717441308,1.5014971494691784,2.051440022257983,3.129019548117153,1.2892382891722005,12.333333333333334,0.5351359002197338,True,False,1.2865900875240261,0.3675971678640075,0.03516025304215811,0.008790063260539528,-1.0466891167134544,-0.2616722791783636,-0.43309680756565216,-0.10827420189141304,3.790451210987937,0.9476128027469842,0.3757301978557067,0.4316014954486662,0.15378791865845096,normal,0,none,-0.21436221531826405,False
2026-05-01 12:30:00,75,1767.6146328015668,29.661520468359758,29.532812920671695,0.3138075313807531,0.0,1.1107111360026873,False,outer_race,bpfo,0.5351679639037948,2.1446442627750626,2.7150000892593567,4.007422729736859,1.4475796925602742,1.6497988447361882,1.7776956740596972,2.142120233275009,12.5,0.5358901643670967,True,False,1.3150556924949734,0.3757301978557067,-0.4871690534705754,-0.12179226336764384,0.9412130842244564,0.2353032710561141,-0.5165617104250048,-0.1291404276062512,0.28460318683407193,0.07115079670851798,0.3757301978557067,0.4230059112035955,0.15046198022633492,normal,0,none,0.12870754768806236,False
2026-05-01 12:40:00,76,1771.8962256417194,30.25877350591209,29.99014445525194,0.3179916317991632,0.0,1.1073917311051662,False,outer_race,bpfo,0.5306412327629191,2.167616482028898,2.7041350175569385,4.084900207891214,1.9848505479477012,2.2310814234240897,2.01033576306284,1.5638513794182365,12.666666666666666,0.5300733577950979,True,False,1.095531910740487,0.3130091173544249,0.26878163885481315,0.06719540971370329,-0.40661932712408605,-0.10165483178102151,0.31514034536441016,0.07878508634110254,0.8881600483892091,0.2220400120973023,0.3757301978557067,0.41573272453468946,0.14769415421049162,normal,0,none,0.26862905066014875,False
2026-05-01 12:50:00,77,1768.757193209248,29.37581663053235,29.68777217137565,0.32217573221757323,0.0,1.1170013866496542,False,outer_race,bpfo,0.5347957073686858,2.3302898488691164,2.695059892473777,4.357345836477751,1.3313163472315002,0.9471778076994778,1.1872687842828122,2.392276784243223,12.833333333333334,0.5351714784125207,True,False,1.2879327932392484,0.36798079806835665,-1.4009188867946938,-0.35022972169867345,1.5242794296749653,0.38106985741874133,-0.6965388343528754,-0.17413470858821886,-1.2471886986422247,-0.3117971746605562,0.372699508355689,0.4091122297379201,0.1452114328200808,normal,0,none,-0.3119555408433001,False
2026-05-01 13:00:00,78,1769.4935543312747,29.051495310103768,29.6136846718939,0.3263598326359833,0.0,1.1117597593492738,False,outer_race,bpfo,0.5354558431449227,2.118508633739525,2.6972162455652215,3.956458148438105,0.8328098718027882,1.5718539273104395,1.7531952573670977,1.872435661733182,13.0,0.5356090956345351,True,False,1.3044482792449115,0.372699508355689,-0.5885354395477956,-0.1471338598869489,0.31263071472552906,0.07815767868138226,-1.4682331413880485,-0.3670582853470121,0.22103978867194915,0.05525994716798729,0.38106985741874133,0.4047980186118926,0.14361229292310113,normal,0,none,-0.5621893617901321,False
2026-05-01 13:10:00,79,1769.8096305580943,30.435824821775753,30.40769724747903,0.3305439330543933,0.0,1.121025763129119,False,outer_race,bpfo,0.5375216056909632,2.156825348716121,2.6599129816792924,4.012537032708863,1.2479592514338622,1.2083987528043079,1.7706150734915072,1.7583055114441954,13.166666666666666,0.5375794241626908,True,False,1.3788076316568765,0.39394503761625044,-1.0612043287777866,-0.26530108219444665,0.046615495946899926,0.011653873986724982,-0.8255766692630492,-0.2063941673157623,0.2662334162791588,0.0665583540697897,0.39394503761625044,0.4031283292279476,0.1429973377253845,normal,0,none,0.028127574296721747,False
2026-05-01 13:20:00,80,1767.4741052841912,30.446271905055365,30.53725359488895,0.33472803347280333,0.0,1.1162531022408158,False,outer_race,bpfo,0.5369644508013711,1.9028698329105564,2.742482985674618,3.543753837094233,2.2351997730859874,1.1773094714989736,1.8778297060919233,1.7121944167416598,13.333333333333334,0.5377318259299806,True,False,1.3845592088990315,0.39558834539972326,-1.1016355486153326,-0.27540888715383316,-0.060860512052370766,-0.015215128013092692,0.7026841012278373,0.17567102530695933,0.5443889458887615,0.13609723647219038,0.39558834539972326,0.40196833171591306,0.14257139737902694,normal,0,none,-0.09098168983358335,False
2026-05-01 13:30:00,81,1768.8070859602392,29.183422223188405,29.626775912442366,0.3389121338912134,0.0,1.1505771024479123,False,outer_race,bpfo,0.5489051623744966,1.898848485150294,2.6858017184328546,3.459337997362072,0.9912597550556185,1.4387220622769308,2.7601011131591004,1.7237408433888721,13.5,0.5492753534936362,True,False,1.8202069812969481,0.5200591375134137,-0.7616717578077081,-0.19041793945192703,-0.03394803359779744,-0.00848700839944936,-1.2229507250434235,-0.3057376812608559,2.8333364947443958,0.7083341236860989,0.4440558411347321,0.4084433331649622,0.14496252960335382,normal,0,none,-0.4433536892539607,False
2026-05-01 13:40:00,82,1772.261227463222,29.78997338328477,29.893325133020188,0.34309623430962344,0.0,1.13428688012636,False,outer_race,bpfo,0.5429194536133801,2.2181846074111227,2.7356605554618936,4.085660575704329,1.9726206168374396,1.5080628388950985,1.8320934298888363,1.886941773817129,13.666666666666666,0.5422267428776241,True,False,1.5541954439715624,0.4440558411347321,-0.6714949487775719,-0.16787373719439297,0.3464416452278332,0.0866104113069583,0.29620825786222715,0.07405206446555679,0.425731652373106,0.1064329130932765,0.6294304920189291,0.442441357604034,0.15806773430243817,normal,0,none,-0.10335174973541683,False
2026-05-01 13:50:00,83,1768.8418616881015,29.028481941549742,28.996612526008505,0.3472803347280335,0.0,1.1421042356759605,False,outer_race,bpfo,0.547530972698706,2.1006418401514666,2.6773882467085106,3.836571709902889,1.5552430272601703,1.661214271833969,1.8809861352033275,2.818499564773323,13.833333333333334,0.5478894652299876,True,False,1.7679041534549766,0.5051154724157076,-0.47232343391453024,-0.11808085847863256,2.5177219680757164,0.6294304920189291,-0.34989751134337543,-0.08747437783584386,0.5525779233619201,0.13814448084048003,0.48744895412858325,0.4493656032231954,0.16085189383992818,normal,0,none,0.031869415541237345,False
2026-05-01 14:00:00,84,1771.7245319331405,28.384058207551213,27.707073403026023,0.3514644351464435,0.0,1.139269065956793,False,outer_race,bpfo,0.5467832761015028,2.005587924893624,2.6602829917778323,3.6679759834521977,1.2472666117134432,1.231234614376425,1.8720607403446248,2.367012390581154,14.0,0.5462510572361269,True,False,1.7060713394500413,0.48744895412858325,-1.0315065776353816,-0.2578766444088454,1.465393033833837,0.36634825845845925,-0.8266488842801443,-0.20666222107003607,0.5294220548607428,0.1323555137151857,0.5954366580347629,0.4718380731942058,0.17016112397308833,normal,0,none,0.6769848045251905,False
2026-05-01 14:10:00,85,1769.8323184937392,28.19061521595001,27.951484738219055,0.35564853556485354,0.0,1.1596610488158148,False,outer_race,bpfo,0.5562132310945878,2.183358675436007,2.676419410744326,3.9253986661541895,1.1927938173760737,2.195889270040918,2.5472905605811276,1.3187008340958457,14.166666666666666,0.5562659291222017,True,False,2.08402830312167,0.5954366580347629,0.22301468541457628,0.05575367135364407,-0.9780176454694972,-0.2445044113673743,-0.910973456478118,-0.2277433641195295,2.281224991648983,0.5703062479122457,0.5729208469893974,0.48738926916269676,0.17685063119998617,normal,0,none,0.23913047773095641,False
2026-05-01 14:20:00,86,1769.0433230476108,27.069784373660397,26.961447367385833,0.3598326359832636,0.0,1.1266862994268494,False,outer_race,bpfo,0.5406640207183426,1.9107619589260882,2.7195175770698206,3.5341022995896636,1.7944327505843356,1.827836898694731,2.5513217337862426,2.5285581539557973,14.333333333333334,0.5409564051957992,True,False,1.5062534454595529,0.43035812727415795,-0.25563280056235343,-0.06390820014058836,1.8419248396542423,0.46048120991356056,0.020371195059761916,0.005092798764940479,2.2916833879575895,0.5729208469893974,0.5729208469893974,0.5005479734437276,0.1826708367057959,normal,0,none,0.10833700627456366,False
2026-05-01 14:30:00,87,1774.110341698178,28.17665435371245,28.209297868000448,0.36401673640167365,0.0,1.127753395286635,False,outer_race,bpfo,0.5384949014921583,2.0075863806050744,2.6774763375178177,3.728143711374228,1.3258364089193235,2.305742743170115,1.0774645190085748,1.2296754833224381,14.5,0.537247291354369,True,False,1.3662730821192455,0.39036373774835587,0.3658777473935119,0.09146943684837798,-1.1855184513728212,-0.2963796128432053,-0.7050218479281231,-0.17625546198203076,-1.5320627202189239,-0.38301568005473097,0.5200495713567784,0.5035482192765046,0.18401850674723105,normal,0,none,-0.03264351428799728,False
2026-05-01 14:40:00,88,1770.7498067068116,28.715981720747774,28.828348683735374,0.3682008368200837,0.0,1.1415667971352164,False,outer_race,bpfo,0.5438517353117036,2.0049229950353795,2.6960881893826345,3.6865249568180127,1.3043791059846768,2.042713697291169,1.974636505008053,2.630786080240582,14.666666666666666,0.5436214466073913,True,False,1.6068309637186777,0.45909456106247937,0.02381177703069775,0.005952944257674437,2.0801982854271137,0.5200495713567784,-0.7382380233143222,-0.18455950582858055,0.7955425969270791,0.19888564923176977,0.39036373774835587,0.4861352221183278,0.17630362509920525,normal,0,none,-0.11236696298760052,False
2026-05-01 14:50:00,89,1766.928076039961,26.783700062772684,26.9500026381716,0.3723849372384937,0.0,1.1164811389185743,False,outer_race,bpfo,0.5334740287287992,2.038081964742183,2.7230600643452005,3.8203958486951524,1.6359704867128926,2.5664926749295356,1.8733618195324195,1.7952075018575908,14.833333333333334,0.5344015094073469,True,False,1.2588744936796314,0.35967842676560896,0.7049797584709244,0.1762449396177311,0.13262687005207813,0.03315671751301953,-0.22493038663851841,-0.056232596659629604,0.5327975490611835,0.13319938726529587,0.35967842676560896,0.4666803305256018,0.16798734408226074,normal,0,none,-0.16630257539891602,False
2026-05-01 15:00:00,90,1770.6746680092476,26.274670740580103,25.808652277383146,0.37656903765690375,0.0,1.1020869157807498,False,outer_race,bpfo,0.5276026684498654,1.9510576165604796,2.7175232580010626,3.6979676814236506,2.431140012547258,1.3672559041989858,1.4901088783200673,1.526904045691574,15.0,0.5274016396282373,True,False,0.9947024146051409,0.2842006898871831,-0.8546125987302172,-0.2136531496825543,-0.49273638768782396,-0.12318409692195599,1.0060020615037495,0.2515005153759374,-0.4615063276742569,-0.11537658191856423,0.35967842676560896,0.45021849917791057,0.1611975616216386,normal,0,none,0.4660184631969564,False
2026-05-01 15:10:00,91,1770.8530260324756,26.78572161520286,26.15764396977413,0.3807531380753138,0.0,1.1150074842540252,False,outer_race,bpfo,0.5330912559755446,1.9765187308472305,2.699581067311321,3.7076555068048287,3.4453306644715394,2.107918931909912,2.0282842199533277,3.4998636147240565,15.166666666666666,0.5328344640722373,True,False,1.199734875766264,0.3427813930760754,0.10861036563547322,0.027152591408868304,4.105849262717751,1.0264623156794377,2.5759819733297484,0.6439954933324371,0.9347251711803809,0.23368129279509522,0.48797125644006745,0.45602661567978087,0.1635674892831194,normal,0,none,0.6280776454287285,False
2026-05-01 15:20:00,92,1767.1781402435001,27.31232734864121,26.966117977383156,0.38493723849372385,0.0,1.136846768352022,False,outer_race,bpfo,0.5454285465280782,1.98368716331252,2.7378743232328793,3.636933152728561,1.6490507732623185,2.0260137985880418,1.9627575300700626,1.9865642571994602,15.333333333333334,0.546299495998561,True,False,1.7078993975402361,0.48797125644006745,0.002093768528036416,0.000523442132009104,0.5786423095143366,0.14466057737858415,-0.2046819381988066,-0.05117048454970165,0.7647240184834955,0.19118100462087387,0.48797125644006745,0.460941175796748,0.16559463731338603,normal,0,none,0.3462093712580554,False
2026-05-01 15:30:00,93,1769.5903073427417,27.076176275102068,26.70999394509628,0.3891213389121339,0.0,1.1238656974003567,False,outer_race,bpfo,0.5398066008040164,2.081553207750455,2.7028281379069266,3.8561092151338645,1.6327744294110138,1.5247305557699895,2.3189622070981972,2.231833546579739,15.5,0.5399315759464386,True,False,1.4675768297447973,0.4193076656413707,-0.6498187923383084,-0.1624546980845771,1.1503173972012217,0.28757934930030543,-0.22987792362426565,-0.05746948090606641,1.6888544117428355,0.42221360293570886,0.42221360293570886,0.4549830876642804,0.16313963514747773,normal,0,none,0.36618233000578826,False
2026-05-01 15:40:00,94,1770.4521841288692,28.02708925687017,28.44639265236923,0.39330543933054396,0.0,1.098796551159692,False,outer_race,bpfo,0.5228077114313214,1.951960783078127,2.697356988984399,3.7336113075572834,1.6505494465880668,2.3383212478497652,2.0551274521163814,1.3330456783914744,15.666666666666666,0.5226741831995629,True,False,0.8162902393923867,0.23322578268353905,0.40824568352381585,0.10206142088095396,-0.9445825988671337,-0.23614564971678342,-0.2023619730015826,-0.05059049325039565,1.0043667236219709,0.2510916809054927,0.42221360293570886,0.4499416284752694,0.16108528374626954,normal,0,none,-0.41930339549906037,False
2026-05-01 15:50:00,95,1767.151032332688,29.18093262888026,29.164047399592285,0.39748953974895396,0.0,1.101888801435407,False,outer_race,bpfo,0.5250324659413952,1.8338956342339758,2.695143112056348,3.492918539705462,0.7217738055870682,2.2167346674700092,3.305874200753497,1.278810935839358,15.833333333333334,0.5258789134110162,True,False,0.9372353811661721,0.26778153747604916,0.25012386294040106,0.06253096573510027,-1.0709932525714605,-0.2677483131428651,-1.640118371365377,-0.41002959284134427,4.24927943596843,1.0623198589921075,0.2510916809054927,0.4193493288491499,0.14906516224000932,normal,0,none,0.016885229287975534,False
2026-05-01 16:00:00,96,1771.2630383866178,28.32671002015292,28.07071510686115,0.401673640167364,0.0,1.0635599066336505,False,outer_race,bpfo,0.5140379613947978,1.900081673285434,2.6659190281406726,3.696383956020924,1.9644499289697268,1.0108933026544316,1.7619736847141108,1.813334077741532,16.0,0.5136714152278256,True,False,0.4765296427571704,0.1361513265020487,-1.3180576859106519,-0.32951442147766297,0.17487639865836238,0.043719099664590595,0.2835599300613639,0.07088998251534097,0.24381436755754018,0.060953591889385046,0.1361513265020487,0.3757804054111343,0.1332343787377739,normal,0,none,0.2559949132917687,False
2026-05-01 16:10:00,97,1770.1684422529395,28.19484974697043,27.859008300666815,0.40585774058577406,0.0,1.070569145916488,False,outer_race,bpfo,0.5118879337359115,1.9347995638139837,2.6688174012848305,3.779732703783887,1.9435669074343012,1.9790136676870815,1.0246478594988582,1.8331428886882106,16.166666666666668,0.5118392244974272,True,False,0.4073835515034702,0.11639530042956292,-0.059029311358796376,-0.014757327839699094,0.22104689054313198,0.055261722635782995,0.251232749519282,0.0628081873798205,-1.6690892206303822,-0.41727230515759556,0.1361513265020487,0.3389143932712749,0.12097208693241661,normal,0,none,0.3358414463036148,False
2026-05-01 16:20:00,98,1770.3709483667164,28.38034335323855,27.85373863777485,0.4100418410041841,0.0,1.0703634077365658,False,outer_race,bpfo,0.5123083163042071,1.9859185107914488,2.6668617939031605,3.876412792042627,1.8382098898941943,1.864456527117169,1.9497055935747343,1.7357612158071882,16.333333333333332,0.5122009716071177,True,False,0.4210357320556467,0.12029592344447049,-0.2080094337634948,-0.0520023584408737,-0.005930879580542804,-0.001482719895135701,0.0881387584693463,0.022034689617336574,0.7308623316947198,0.18271558292367995,0.14613309382168282,0.3092557318174915,0.11182508360592389,normal,0,none,0.5266047154637015,False
2026-05-01 16:30:00,99,1768.543312433608,28.864488996093133,28.626424386018552,0.41422594142259417,0.0,1.0554258948525934,False,outer_race,bpfo,0.5062385606765079,2.1142354838489243,2.6952122693826537,4.176361992305727,1.623460500744946,1.3557710961146565,1.6631369136403968,1.9890913084520234,16.5,0.5066555317576125,True,False,0.21175321385818877,0.06050091824519679,-0.8695484473878018,-0.21738711184695045,0.5845323752867313,0.14613309382168282,-0.24429600259015063,-0.06107400064753766,-0.012605803235501674,-0.0031514508088754186,0.18271558292367995,0.2897880166030589,0.10615463389946757,normal,0,none,0.23806461007458068,False
2026-05-01 16:40:00,100,1771.1775700137748,29.77157721515409,30.22427210211898,0.41841004184100417,0.0,1.0390546995414687,False,outer_race,bpfo,0.4961872691480185,2.0446360477777583,2.73408425814118,4.120694292073462,1.4391002411993976,2.141984578880913,2.4430113077273137,2.612812141753628,16.666666666666668,0.4958573783119681,True,False,-0.1957644594583146,-0.0559327027023756,0.1529123116362786,0.03822807790906965,2.038304524954408,0.509576131238602,-0.5296880080048761,-0.13242200200121904,2.0106849533973974,0.5026712383493493,0.509576131238602,0.3236015727008348,0.11617152154550447,normal,0,none,-0.4526948869648919,False
2026-05-01 16:50:00,101,1769.687863588385,30.858479557395214,30.719941546312544,0.4225941422594142,0.0,1.0517629108928084,False,outer_race,bpfo,0.5046185587255302,1.943423619755005,2.691146510964799,3.8512725823309704,2.3267791662989716,1.6750477831982393,1.4412905467586845,2.637938448172349,16.833333333333332,0.5047075630236303,True,False,0.13823771047497693,0.03949648870713627,-0.4543331261425061,-0.11358328153562652,2.096869066244774,0.5242172665611935,0.844450156169087,0.21111253904227176,-0.5881596448639193,-0.1470399112159798,0.509576131238602,0.35221304324510666,0.12527909402475623,normal,0,none,0.1385380110826695,False
2026-05-01 17:00:00,102,1770.2556315151835,31.278017395507828,30.84706363039121,0.42677824267782427,0.0,1.0622796366210756,False,outer_race,bpfo,0.5077975085662408,1.979348428009912,2.6957455826133434,3.897908899944339,1.4744268992257479,2.2490425531088722,1.8671129272377711,1.5082347470404949,17.0,0.5077241807122235,True,False,0.25208356642887336,0.07202387612253525,0.29213986240729906,0.07303496560182476,-0.5362508976795767,-0.13406272441989417,-0.47500189613026444,-0.11875047403256611,0.5165855460581107,0.12914638651452767,0.5242172665611935,0.3786752314475816,0.13424048644009803,normal,0,none,0.430953765116616,False
2026-05-01 17:10:00,103,1774.7671891465384,31.76337680305021,31.94256353138786,0.4309623430962343,0.0,1.0835739030393083,False,outer_race,bpfo,0.5198424137015972,1.846725431316428,2.709978706850198,3.5524716387926274,1.4765906426806705,1.882392380165256,1.6321352202214547,2.837670641592848,17.166666666666668,0.5184460688020162,True,False,0.656723017970905,0.18763514799168715,-0.18468408215954166,-0.046171020539885414,2.5624060255439205,0.6406015063859801,-0.47165239399067344,-0.11791309849766836,-0.09303598559576748,-0.02325899639894187,0.31255802189489396,0.36850335305486037,0.1307333763345785,normal,0,none,-0.17918672833765115,False
2026-05-01 17:20:00,104,1768.2187568502911,32.151892446687356,31.79439965033818,0.4351464435146444,0.0,1.102741302882983,False,outer_race,bpfo,0.529498124501025,2.050989790175095,2.7421930703281214,3.873459971379228,1.8111344666012965,1.4604252002977978,1.3461397926208727,2.134591189483028,17.333333333333332,0.5300315228169274,True,False,1.0939530766321288,0.31255802189489396,-0.733447099416016,-0.183361774854004,0.9236643451187392,0.2309160862796848,0.046225661958958726,0.011556415489739682,-0.835016885970143,-0.20875422149253575,0.5042515625867481,0.3893876929828431,0.1380195889925379,normal,0,none,0.3574927963491774,False
2026-05-01 17:30:00,105,1772.8888242656299,32.04266186808707,31.859624505316102,0.4393305439330544,0.0,1.0585791415514951,False,outer_race,bpfo,0.5053416330394768,1.8887610846779943,2.7274156270188836,3.7375924744566738,1.8584849212326482,1.474337959837595,2.0027774869880024,2.603674411615476,17.5,0.5045182068031688,True,False,0.1310914880417714,0.03745471086907754,-0.7153537303871237,-0.17883843259678092,2.0170062503469923,0.5042515625867481,0.11952476252353442,0.029881190630883604,0.8685510059148717,0.21713775147871792,0.5042515625867481,0.40705905753729,0.1444485519301478,normal,0,none,0.18303736277097116,False
2026-05-01 17:40:00,106,1773.5342034493,32.28779530609864,32.122887656708116,0.4435146443514644,0.0,1.0692926685003064,False,outer_race,bpfo,0.5151407711120828,1.8709713598554645,2.653928034005216,3.6319613293593958,3.8552771589923074,1.350533246718707,2.7183069489300364,2.753828525103716,17.666666666666668,0.514114226325634,True,False,0.49324114340457054,0.14092604097273445,-0.8763602047367005,-0.21909005118417513,2.3669863322880538,0.5917465830720134,3.210584313727917,0.8026460784319792,2.7249065388348055,0.6812266347087014,0.5042515625867481,0.422011750621822,0.15008114724419555,normal,0,none,0.16490764939052127,False
2026-05-01 17:50:00,107,1770.550030509658,32.46951844571381,32.209059974362425,0.4476987447698745,0.0,1.0417140559082165,False,outer_race,bpfo,0.5003332480137885,1.932459646069689,2.7162175410866434,3.8623450545034195,2.740280388269801,1.3998292645082333,1.4803770877345919,2.362260261349479,17.833333333333332,0.5001778169066965,True,False,-0.032712962487715776,-0.009346560710775937,-0.8122513527890055,-0.20306283819725138,1.4543167433529478,0.36357918583823695,1.4845552594629925,0.3711388148657481,-0.4867542933548497,-0.12168857333871243,0.3711388148657481,0.41418514512088755,0.14711067899407146,normal,0,none,0.26045847135138445,False
2026-05-01 18:00:00,108,1771.9904763019047,32.00656983966436,31.952697970507934,0.45188284518828453,0.0,1.0462003059525289,False,outer_race,bpfo,0.5018591797148543,1.9125007282227333,2.7214027557088714,3.8108314155165512,1.998687030516029,1.5067355798228803,1.4687537663495163,1.7717535593836695,18.0,0.5012954414682467,True,False,0.009465708454214591,0.0027044881297755975,-0.6732210325298207,-0.16830525813245517,0.07796028438103816,0.01949007109525954,0.33655939477231867,0.08413984869307967,-0.516909609259703,-0.12922740231492574,0.17585469287928499,0.3775189216991025,0.13383783883925537,normal,0,none,0.05387186915642417,False
2026-05-01 18:10:00,109,1770.4481034418302,32.2088725730541,32.52502109315406,0.4560669456066946,0.0,1.048904309158306,False,outer_race,bpfo,0.5030059854044105,1.7476022286539785,2.714672218345493,3.4743169651329855,2.2356743624320323,1.7124722920887674,1.6041242105951632,1.5096336994625559,18.166666666666668,0.5028786737295399,True,False,0.06921621400959554,0.01977606114559873,-0.40566302240467805,-0.10141575560116951,-0.532990211229299,-0.13324755280732475,0.7034187715171399,0.17585469287928499,-0.1657071968709956,-0.0414267992177489,0.17585469287928499,0.34649365572682284,0.12341088728658393,normal,0,none,-0.31614852009995786,False
2026-05-01 18:20:00,110,1770.5005031195872,33.22632569956187,33.13919738685817,0.4602510460251046,0.0,1.0789953864684412,False,outer_race,bpfo,0.516529691544211,2.1364704520814657,2.6890254842315082,4.136200661948975,1.623997711995948,2.511606145086325,2.8074015556260776,2.0762182368986064,18.333333333333332,0.5163836736687448,True,False,0.5788891114237604,0.16539688897821728,0.6336005158176015,0.15840012895440037,0.7876083273777562,0.19690208184443905,-0.2434643928027014,-0.06086609820067535,2.9560518303852463,0.7390129575963116,0.36766523972592996,0.3497508224959162,0.1244718702515529,normal,0,none,0.08712831270369747,False
2026-05-01 18:30:00,111,1768.127612806169,31.302996982728207,31.472998369715803,0.46443514644351463,0.0,1.1110144018670005,False,outer_race,bpfo,0.5345761152809938,2.0373053932862772,2.698919317988347,3.8110670025266487,1.7315773445823288,1.9629120324702842,1.5458118692617893,2.2601422181772928,18.5,0.5351422132623446,True,False,1.2868283390407549,0.36766523972592996,-0.0799692857120345,-0.019992321428008625,1.2162994137786787,0.30407485344466967,-0.07692976564775748,-0.01923244141193937,-0.3169915858854256,-0.0792478964713564,0.49122372192063196,0.3715158839458725,0.1317638598925451,normal,0,none,-0.1700013869875967,False
2026-05-01 18:40:00,112,1771.0448586434723,29.54676192703303,29.50694493042797,0.4686192468619247,0.0,1.1109920539192686,False,outer_race,bpfo,0.5362708449006295,2.067288745182497,2.688458350287337,3.8549340596085617,1.7530959396047239,2.0940377798630427,0.9817882542212681,2.58131675223055,18.666666666666668,0.5359544626109309,True,False,1.317482280601687,0.37642350874333913,0.09055810175412446,0.022639525438531115,1.9648948876825278,0.49122372192063196,-0.0436187093372114,-0.01090467733430285,-1.7802833357963403,-0.4450708339490851,0.36766523972592996,0.3709234771428044,0.13156067509047178,normal,0,none,0.03981699660506166,False
2026-05-01 18:50:00,113,1771.2164170032613,28.587657015102657,28.519177672630303,0.47280334728033474,0.0,1.0924423668755425,False,outer_race,bpfo,0.5255128950613733,2.061962265679314,2.7177401389685785,3.923713927968414,2.1151805656453955,1.6375877581229314,1.282048868981957,1.1175810815033365,18.833333333333332,0.5251519889547851,True,False,0.9098015643963554,0.2599433041132444,-0.5030494182325357,-0.12576235455813392,-1.4467887357653701,-0.36169718394134254,0.5168928554127707,0.1292232138531927,-1.001293115021755,-0.25032327875543875,0.49122372192063196,0.389431207108624,0.13803512037682983,normal,0,none,0.06847934247235443,False
2026-05-01 19:00:00,114,1771.0266546657433,29.712144417864444,29.047003154190776,0.4769874476987448,0.0,1.083403436755817,False,outer_race,bpfo,0.5211117029441737,1.983007819700275,2.740818239773632,3.8053411744481833,2.226693515651935,1.9924815153358821,2.423096303196626,2.8088159478731494,19.0,0.5208096172811536,True,False,0.7459223224480395,0.2131206635565827,-0.041514544655784615,-0.010378636163946154,2.495151337425135,0.6237878343562837,0.6895163075088315,0.17237907687720788,1.9590178581693014,0.48975446454232535,0.6237878343562837,0.42548607283903317,0.15141552212192702,normal,0,none,0.665141263673668,False
2026-05-01 19:10:00,115,1768.4773981873714,29.116597351042135,29.169725826618468,0.4811715481171548,0.0,1.1061692251262563,False,outer_race,bpfo,0.5303949756113221,1.9777895931328706,2.7087681379563957,3.728899563675753,2.227944156900279,1.6522122320501873,3.1763251996384305,2.584516221801898,19.166666666666668,0.5308516285219573,True,False,1.124903513710996,0.32140100391742743,-0.4840304735823134,-0.12100761839557835,1.9723522299872793,0.49308805749681983,0.6914523159240892,0.1728630789810223,3.9131800608965936,0.9782950152241484,0.6237878343562837,0.4559940361493794,0.1635541177967402,normal,0,none,-0.053128475576333045,False
2026-05-01 19:20:00,116,1772.3318509426147,28.33934203548105,28.56790687360377,0.48535564853556484,0.0,1.11002866242433,False,outer_race,bpfo,0.5312024817302629,2.0854156254624634,2.7113962580272055,3.9258393874022,1.6599449700446995,1.7035373958017754,2.330523536494482,2.4413806693277715,19.333333333333332,0.5305035804454481,True,False,1.1117683287874534,0.3176480939392724,-0.4172827427982486,-0.10432068569956215,1.6387310509211637,0.4096827627302909,-0.18781758427149925,-0.04695439606787481,1.718848896853837,0.4297122242134592,0.4297122242134592,0.4519506804669301,0.16190143909208046,normal,0,none,-0.22856483812272188,False
2026-05-01 19:30:00,117,1769.5344827234903,30.470851608421512,30.37726825032425,0.4895397489539749,0.0,1.089304460385045,False,outer_race,bpfo,0.5223912290134498,1.852468199188682,2.6537122888641433,3.546131895604601,1.0240639500886297,2.7953860484485573,1.2068392527074905,1.8550068725756328,19.5,0.5225286561981569,True,False,0.8107981128620279,0.2316566036748651,1.0026527156941987,0.25066317892354967,0.2720075914837517,0.06800189787093792,-1.1721694176750974,-0.29304235441877435,-1.1964154610967253,-0.2991038652741813,0.25900457833575224,0.4222666647544412,0.15017872144048652,normal,0,none,0.0935833580972627,False
2026-05-01 19:40:00,118,1766.97661514217,30.30232216676859,29.71766070758877,0.49372384937238495,0.0,1.0914629936947062,False,outer_race,bpfo,0.5241680531194259,1.9132439656670726,2.726323906745406,3.650058324388497,1.590685828123157,2.690181910435799,1.6677010992377512,1.6923142819401065,19.666666666666668,0.5250649307244711,True,False,0.9065160241751328,0.25900457833575224,0.8658360556357514,0.21645901390893785,-0.1071972459933422,-0.02679931149833555,-0.2950316088938103,-0.07375790222345258,-0.0007645700821857894,-0.00019114252054644736,0.25900457833575224,0.3971494206900275,0.14081325241650874,normal,0,none,0.58466145917982,False
2026-05-01 19:50:00,119,1771.7207849234958,29.793346448319745,30.139316047054624,0.497907949790795,0.0,1.0915221561398538,False,outer_race,bpfo,0.5225359940594181,2.118941568026977,2.741173520463162,4.055111211699667,1.7151195237231804,2.333122598518832,2.387979312449597,1.9383000227469902,19.833333333333332,0.5220284806474782,True,False,0.7919217024008847,0.2262633435431099,0.40148490536709464,0.10037122634177366,0.4661477508499747,0.11653693771249367,-0.10240667976865685,-0.025601669942164212,1.8679110295338832,0.4669777573834708,0.39043669880282506,0.3961166942458425,0.140438836519472,normal,0,none,-0.34596959873487876,False
2026-05-01 20:00:00,120,1764.3567643388897,29.887959739094175,29.822357649111655,0.502092050209205,0.0,1.111584438987871,False,outer_race,bpfo,0.5355411475095085,2.016331690062933,2.71098851695959,3.765035981716294,1.7220400595675784,1.0107913950532985,1.9152447851970942,2.3802603579542567,20.0,0.5372540578248721,True,False,1.3665284458098876,0.39043669880282506,-1.3181902154659049,-0.3295475538664762,1.496271473318974,0.3740678683297435,-0.09169360305653998,-0.022923400764134995,0.6414578896650383,0.16036447241625956,0.4669777573834708,0.4070183962670161,0.14443347743821147,normal,0,none,0.06560208998251937,False
2026-05-01 20:10:00,121,1771.7109979627633,29.257262867703062,29.27343053790873,0.5062761506276151,0.0,1.1167263356349413,False,outer_race,bpfo,0.5344075409598682,2.0481975617486654,2.728462748922686,3.832650935407509,1.813138752855577,3.2087652835752927,3.0788116279330198,2.0089440689589617,20.166666666666668,0.5338914465094081,True,False,1.2396249389794323,0.3541785539941235,1.5402472186851057,0.38506180467127643,0.630805305062436,0.157701326265609,0.04932832234219023,0.012332080585547557,3.660192772464313,0.9150481931160782,0.39043669880282506,0.40446736588790977,0.1434903372915769,normal,0,none,-0.016167670205668117,False
2026-05-01 20:20:00,122,1770.6470410631982,30.144744504931612,30.889129631152567,0.5104602510460251,0.0,1.106320869155532,False,outer_race,bpfo,0.5318711313187139,2.006891028521225,2.692953151891045,3.773265571954182,1.0847913439355987,2.0824004446715385,1.488296943787185,1.6909659720863586,20.333333333333332,0.5316767715991809,True,False,1.1560440590529417,0.3302983025865548,0.07542389350949101,0.018855973377372753,-0.11033989445054607,-0.027584973612636517,-1.0781626466045975,-0.26954066165114937,-0.4662071749129936,-0.1165517937282484,0.6959039552682187,0.4493037642541111,0.16082685461002694,normal,0,none,-0.7443851262209549,False
2026-05-01 20:30:00,123,1769.118001563502,30.252291920973317,30.635151951396256,0.5146443514644351,0.0,1.1012052515760529,False,outer_race,bpfo,0.5291344349885364,1.9307050546681885,2.7687941753350356,3.648798730534362,1.6778853849081095,2.23285780832529,2.74093635390438,1.3916557292583727,20.5,0.5293982363539312,True,False,1.0700531175102153,0.3057294621457758,0.27109180510636305,0.06777295127659076,-0.8079739510689273,-0.20199348776723183,-0.16004559594569778,-0.040011398986424446,2.7836158210728748,0.6959039552682187,0.33892508940698785,0.43232242966224593,0.15406959052971064,normal,0,none,-0.3828600304229397,False
2026-05-01 20:40:00,124,1771.5439211541536,28.446198924871577,28.364660783916122,0.5188284518828452,0.0,1.1041093341586508,False,outer_race,bpfo,0.5329412917175311,2.144401398301254,2.7171498585359304,4.02371036290021,2.510646081987053,1.472346312795276,1.3153427228439152,1.0669805208971497,20.666666666666668,0.5324768271765287,True,False,1.1862378129244575,0.33892508940698785,-0.7179438423493767,-0.17948596058734417,-1.5647288170313016,-0.3911822042578254,1.1290784590744505,0.2822696147686126,-0.9149161967867923,-0.22872904919669806,0.33892508940698785,0.4179536080845139,0.1485348227958019,normal,0,none,0.08153814095545542,False
2026-05-01 20:50:00,125,1772.2860596119758,28.1353411325027,28.138782716451104,0.5230125523012552,0.0,1.1110000478565099,False,outer_race,bpfo,0.5272878210874915,1.9730128907275037,2.729421478887215,3.741813885741402,1.9925673989401416,1.505010913561041,1.4891037950817492,2.2075403685418635,20.833333333333332,0.5266076761497501,True,False,0.9647385739281156,0.27563959255089016,-0.6754639393404989,-0.16886598483512472,1.0936947163915454,0.27342367909788634,0.3270861279622864,0.0817715319905716,-0.4641138958174792,-0.1160284739543698,0.33892508940698785,0.4057953744418175,0.14398067327026198,normal,0,none,-0.0034415839484047694,False
2026-05-01 21:00:00,126,1773.3125209851476,28.6030146397002,28.532765735095623,0.5271966527196653,0.0,1.1020933306735947,False,outer_race,bpfo,0.5281031559003074,2.2137489151191216,2.7053521291100804,4.191887305322261,1.3373533702947145,0.8211089493376715,2.0075155404821174,2.6704077440994043,21.0,0.5271166671874941,True,False,0.9839476770849176,0.2811279077385479,-1.564869853593662,-0.3912174633984155,2.1725486902332927,0.5431371725583232,-0.6871934465616415,-0.17179836164041037,0.8808433185125935,0.22021082962814836,0.27563959255089016,0.38577140799705945,0.13673396011129957,normal,0,none,0.07024890460457556,False
2026-05-01 21:10:00,127,1766.7518254698073,28.789911743180372,29.601273577958604,0.5313807531380753,0.0,1.0918698772534081,False,outer_race,bpfo,0.5206948590275217,1.799287806796492,2.6857114950240213,3.45555131878379,2.3039186075024327,1.8961339955184946,1.5552305778859472,1.397466518221233,21.166666666666668,0.5216521569087029,True,False,0.7777194061275966,0.22220554460788475,-0.16681328399559503,-0.04170332099889876,-0.7944301303228954,-0.19860753258072386,0.809061723022335,0.20226543075558376,-0.2925558738744047,-0.07313896846860117,0.2988405075329032,0.37239742331026615,0.1320667046224274,normal,0,none,-0.8113618347782321,False
2026-05-01 21:20:00,128,1767.3992807386105,28.91068682653196,29.079498128021147,0.5355648535564853,0.0,1.0829596842313869,False,outer_race,bpfo,0.5220204513225849,1.806495578686994,2.63936447649225,3.4605839179481914,2.553464577711719,1.3806935230274495,1.9601363784903887,1.7183751966757344,21.333333333333332,0.5227886018233742,True,False,0.820608349113122,0.23445952831803485,-0.8371371442283615,-0.20928428605709037,-0.04645431419648262,-0.011613578549120655,1.1953620301316128,0.2988405075329032,0.7579237544882952,0.1894809386220738,0.2988405075329032,0.36108097472913336,0.12822363110770282,normal,0,none,-0.16881130148918544,False
2026-05-01 21:30:00,129,1767.7246084832655,28.517563773995455,28.093810151083556,0.5397489539748954,0.0,1.0899957676336955,False,outer_race,bpfo,0.5221078022383256,2.0264977397970867,2.7159025922846816,3.8813780049049234,2.310744354600988,1.8197477093064007,2.287526987486675,1.595658294159578,21.5,0.5227798524311741,True,False,0.8202781508092862,0.23436518594551034,-0.2661526897568011,-0.06653817243920028,-0.3324835850597241,-0.08312089626493102,0.8196280655611895,0.20490701639029738,1.607299497573375,0.40182487439334375,0.2988405075329032,0.3515055182374056,0.12504667819302567,normal,0,none,0.42375362291189944,False
2026-05-01 21:40:00,130,1767.6095236496235,29.26498064237213,29.468928988475824,0.5439330543933054,0.0,1.095679670216411,False,outer_race,bpfo,0.5256458409819494,1.9637602669044216,2.6980012329781715,3.7358999421282526,1.9972771630361645,2.931152447098409,1.7589655755549047,1.9832395808259704,21.666666666666668,0.5263567128881761,True,False,0.9552673282230618,0.27293352234944623,1.179215211830841,0.29480380295771025,0.5708931344661778,0.14272328361654446,0.33437690214381327,0.08359422553595332,0.23601018844496635,0.05900254711124159,0.35249652450131985,0.35165798073954624,0.12509672954594336,normal,0,none,-0.20394834610369372,False
2026-05-01 21:50:00,131,1766.8732823400135,30.6972249782188,29.96746018362083,0.5481171548117155,0.0,1.0842444380885148,False,outer_race,bpfo,0.5200557361501651,2.0962836960406492,2.7150118800941696,4.030882750296886,1.5438920531760374,2.8840285711173315,2.2114728329224143,2.286079787226971,21.833333333333332,0.5209760440582933,True,False,0.7522031975382992,0.21491519929665692,1.1179312030216282,0.27948280075540705,1.2767548507325877,0.3191887126831469,-0.36746896229092035,-0.09186724057273009,1.4099860980052794,0.35249652450131985,0.35249652450131985,0.3517869874721268,0.12513909410002816,normal,0,none,0.7297647945979691,False
2026-05-01 22:00:00,132,1769.5045542063995,29.70769064378369,29.795716544186387,0.5523012552301255,0.0008100369215964409,1.0786920917076295,False,outer_race,bpfo,0.5214992135765131,1.9469215770825168,2.715698043072885,3.7333164200387987,2.6869310214950297,1.2815515449507013,2.261227888451545,1.525882355745768,22.0,0.5216452287936643,True,False,0.7774579420416085,0.2221308405833167,-0.9660700414343967,-0.24151751035859917,-0.4951177485619604,-0.1237794371404901,1.4019697672913671,0.3504924418228418,1.5390696333939635,0.3847674083484909,0.35249652450131985,0.35189614701507954,0.12517495063287196,normal,0,none,-0.0880259004026982,False
2026-05-01 22:10:00,133,1769.5835349481306,29.729293767760517,29.90515196174081,0.5564853556485355,0.002315050643052519,1.0774049620914201,False,outer_race,bpfo,0.5178466660032702,1.987065325048454,2.7223705281557717,3.8371692925718395,1.197889684957336,1.4629369175845286,1.7654687538544185,1.645207413980821,22.166666666666668,0.5179685393335529,True,False,0.6387012609262592,0.18248607455035978,-0.7301806426333,-0.182545160658325,-0.21699420809700587,-0.05424855202425147,-0.9030849892350731,-0.22577124730876827,0.2528819060470644,0.0632204765117661,0.29156703072982854,0.3426147445096563,0.12215752470372468,normal,0,none,-0.175858193980293,False
2026-05-01 22:20:00,134,1771.5753270620132,31.09473974967817,30.873822174315222,0.5606694560669456,0.0038626362107455022,1.0914642017096587,False,outer_race,bpfo,0.5285548039154949,2.05844298716051,2.7183994331333228,3.8944740865312673,1.356986763508467,1.2403671219211787,1.3677839252690445,2.0944495353547596,22.333333333333332,0.5280848003691337,True,False,1.0204846075543998,0.29156703072982854,-1.019629866283208,-0.254907466570802,0.8301019439650646,0.20752548599126616,-0.6568007064115642,-0.16420017660289105,-0.7788637748352983,-0.19471594370882458,0.29156703072982854,0.3347612500819905,0.11965342250472223,normal,0,none,0.22091757536294665,False
2026-05-01 22:30:00,135,1772.5127048702536,30.3455846542014,30.080781639310842,0.5648535564853556,0.005453997840999837,1.1098411605566183,False,outer_race,bpfo,0.5370368212517941,2.1447642461354426,2.738935119848155,3.9937005457766412,1.7731310429785139,1.8530990749295535,1.3818179733796727,2.369668462197717,22.5,0.5362755206232811,True,False,1.329598872095887,0.37988539202739624,-0.22277965767706942,-0.055694914419267355,1.4715838210218204,0.3678959552554551,-0.012604116796324939,-0.0031510291990812346,-0.7424541170292864,-0.1856135292573216,0.37988539202739624,0.34170342576589907,0.12186465145456138,normal,0,none,0.2648030148905569,False
2026-05-01 22:40:00,136,1770.250722410936,30.32857026773124,30.06302668911549,0.5690376569037657,0.007090373813425703,1.0588104407816155,False,outer_race,bpfo,0.5096478480098473,1.8745097514184617,2.689660589654036,3.678048987626144,1.8720501571973254,1.7633272777513265,1.5189066662628081,2.5149461449622295,22.666666666666668,0.5095756660665984,True,False,0.3219578285045629,0.09198795100130368,-0.33952675231967644,-0.08488168807991911,1.8101978898406133,0.4525494724601533,0.14052391877025633,0.03513097969256408,-0.386793914242296,-0.096698478560574,0.4174493570581477,0.35335664596470656,0.12565554012661567,normal,0,none,0.26554357861575184,False
2026-05-01 22:50:00,137,1768.147709450652,30.716147555735965,30.444766578771226,0.5732217573221757,0.008773037434456074,1.0608483451874278,False,outer_race,bpfo,0.514470538528617,2.057055497017172,2.720543471957511,3.9983931886563218,2.1448358097281646,1.7752606773992965,2.219315227859933,2.4547092688258254,22.833333333333332,0.5150094917570951,True,False,0.5270280762784403,0.15057945036526865,-0.3240075159681566,-0.08100187899203914,1.6697974282325907,0.4174493570581477,0.5627995470214017,0.14069988675535042,1.4303322528569518,0.35758306321423794,0.4174493570581477,0.3632170630560052,0.1289416701370514,normal,0,none,0.27138097696473906,False
2026-05-01 23:00:00,138,1767.6929310195871,30.42321921900493,30.612728750903138,0.5774058577405857,0.010503298028139676,1.0326407704625964,False,outer_race,bpfo,0.4984073952982385,1.8585618898466572,2.7322466619907075,3.729001430114265,1.435260475506103,2.321102914543196,1.4175337721226091,2.202009569009092,23.0,0.49905788171537757,True,False,-0.07497883560472114,-0.021422524458491753,0.38585345733122794,0.09646336433280699,1.0808034966393105,0.27020087415982763,-0.5356320136937014,-0.13390800342342535,-0.6497937527318398,-0.16244843818295995,0.4174493570581477,0.37156049290248866,0.13177917072802375,normal,0,none,-0.18950953189820652,False
2026-05-01 23:10:00,139,1771.2505731056276,32.08724240790291,32.12266895904072,0.5815899581589958,0.012282501954959663,1.0150410998836732,False,outer_race,bpfo,0.4922532109394841,1.9679266475821362,2.6887839534866917,3.997793419826095,1.2061267074715587,1.3351675495157076,2.618634657563256,1.549878578845113,23.166666666666668,0.49190566066279995,True,False,-0.3449005863062191,-0.09854302465891975,-0.8963431009468179,-0.22408577523670448,-0.43918721205193295,-0.10979680301298324,-0.8903339745653445,-0.22258349364133612,2.466318710661603,0.6165796776654008,0.27020087415982763,0.3559667054036177,0.12651833686979685,normal,0,none,-0.035426551137810236,False
2026-05-01 23:20:00,140,1765.9493025485601,30.774606255609505,30.672694810041676,0.5857740585774058,0.014112033659471418,1.000978271187845,False,outer_race,bpfo,0.4843083297349232,1.891050149222007,2.73797259416655,3.904640975836688,1.635782931152831,1.124722637027968,2.072334244279442,1.9499547535390749,23.333333333333332,0.4854192260183766,True,False,-0.5896958439140086,-0.1684845268325739,-1.170024066322658,-0.2925060165806645,0.49331266523598166,0.12332816630899542,-0.22522072500940502,-0.056305181252351254,1.0490076860625768,0.2622519215156442,0.6165796776654008,0.39606100882850737,0.14041867140672876,normal,0,none,0.10191144556782916,False
2026-05-01 23:30:00,141,1769.089779151868,32.9591096938423,33.07377294361609,0.5899581589958159,0.015993316747574992,0.9965201238219968,False,outer_race,bpfo,0.4875815742389625,1.7600383036189733,2.7303325973433084,3.6097309591038464,1.98099974883749,2.537344879792697,1.5085086713855058,2.9351698972938336,23.5,0.48783244161679,True,False,-0.4986221236870375,-0.14246346391058215,0.6670734170092749,0.16676835425231873,2.789657858388953,0.6974144645972382,0.30917925980713523,0.07729481495178381,-0.4137702672066648,-0.1034425668016662,0.2622519215156442,0.3754749953957592,0.1331286053142217,normal,0,none,-0.11466324977379116,False
2026-05-01 23:40:00,142,1767.8089928505756,32.06773639364035,32.8876847902431,0.5941422594142259,0.017927815094259173,0.9843670042232558,False,outer_race,bpfo,0.4779499601282682,1.8365132868183471,2.702139884644719,3.8424802594930214,1.496053257498807,2.143312171785039,1.7247539498436877,1.6024774274817506,23.666666666666668,0.47854232716788797,True,False,-0.8492270529573924,-0.24263630084496926,0.15463882953273053,0.03865970738318263,-0.31658950941025554,-0.07914737735256389,-0.44152402094946486,-0.11038100523736621,0.1472522210136426,0.03681305525341065,0.2902694895053981,0.36236645602801126,0.12865533180714564,normal,0,none,-0.8199483966027472,False
2026-05-01 23:50:00,143,1770.2090237535333,32.97259876623822,32.90969412067727,0.5983263598326359,0.019917033982680885,0.9704776985550675,False,outer_race,bpfo,0.47168903970381243,1.7782712826412996,2.712909018899555,3.770007638417736,0.5941862467514212,2.145859181715002,1.7870284743758758,2.2364502163675106,23.833333333333332,0.4716333433356116,True,False,-1.1099691354331982,-0.31713403869519946,0.15795118395467322,0.039487795988668306,1.1610779580215924,0.2902694895053981,-1.8376255205299097,-0.4594063801324774,0.3088160200241307,0.07720400500603268,0.2902694895053981,0.3512746150245323,0.12497090850996127,normal,0,none,0.06290464556094832,False
2026-05-02 00:00:00,144,1768.590273087653,33.770349371945684,33.90744162020645,0.602510460251046,0.021962521275464723,0.9739759022205542,False,outer_race,bpfo,0.47806911853534834,1.8789641999785165,2.7271973191498913,3.9303191256843046,1.3920154629937425,1.9919670482799796,2.6951830503928225,2.190215875783614,24.0,0.4784501829981675,True,False,-0.8527045343474459,-0.24362986695641312,-0.042183602599970706,-0.010545900649992676,1.0533146878044868,0.2633286719511217,-0.6025758381139434,-0.15064395952848586,2.664914352243733,0.6662285880609332,0.2902694895053981,0.3418892110985116,0.12192430873038354,normal,0,none,-0.13709224826076394,False
2026-05-02 00:10:00,145,1771.426125229093,33.73394207327903,33.83975923276407,0.606694560669456,0.02406586861913466,0.9696419911038772,False,outer_race,bpfo,0.47345150779136747,1.8048562453956056,2.7476544129155176,3.812124823121144,1.5778337148892108,2.8253247166277884,1.3208447276978894,2.2225394482154313,24.166666666666668,0.4730703453311344,True,False,-1.0557372973032404,-0.30163922780092584,1.0415875776136394,0.26039689440340985,1.1286546586218784,0.2821636646554696,-0.31492684216531086,-0.07873171054132772,-0.9006419038385938,-0.22516047595964844,0.2821636646554696,0.33270066549188976,0.11900378781185601,normal,0,none,-0.105817159485035,False
2026-05-02 00:20:00,146,1772.006374430423,34.8467208263463,35.322101672720486,0.6108786610878661,0.026228712682615826,0.9788426567403137,False,outer_race,bpfo,0.47966464398135555,1.744522136118558,2.720788260857954,3.636962110941759,1.1315915645707166,1.6559426376434783,1.2317355312895912,1.8692101833291637,24.333333333333332,0.479121538216755,True,False,-0.8273678767397477,-0.23639082192564217,-0.47917912796437273,-0.11979478199109318,0.3051127508821615,0.07627818772054037,-1.005715315201226,-0.2514288288003065,-1.1318250466509496,-0.2829562616627374,0.1412340032970526,0.3032442559234533,0.1100463999287085,normal,0,none,-0.4753808463741862,False
2026-05-02 00:30:00,147,1766.891789789935,34.6867668244067,34.85445136258366,0.6150627615062761,0.02845273643076833,0.9928271756190036,False,outer_race,bpfo,0.4887111618745071,1.8256661642837873,2.7854683396395337,3.7356751936690737,2.0601228792554687,2.290292884190482,1.885749542431752,1.8721104129675488,24.5,0.4895708732795228,True,False,-0.43301445937825034,-0.12371841696521438,0.34578539985000506,0.08644634996250126,0.3118726230089375,0.07796815575223437,0.4316628629455809,0.10791571573639523,0.5649360131882104,0.1412340032970526,0.1412340032970526,0.27831960167323777,0.10293402186777319,normal,0,none,-0.16768453817695672,False
2026-05-02 00:40:00,148,1772.1376441139232,35.66313884713608,36.20414375885196,0.6192468619246861,0.030739670433946185,0.9594884334691465,False,outer_race,bpfo,0.470733595154782,1.8185107734864645,2.70537138079701,3.8631421088365694,2.8873499739110273,2.217908241445341,1.304289152874561,1.6074263805694562,24.666666666666668,0.4701657719372962,True,False,-1.1653546496952287,-0.3329584713414939,0.25165008115452625,0.06291252028863156,-0.30505446073978854,-0.07626361518494713,1.7122208316699599,0.42805520791748997,-0.9435933608485433,-0.23589834021213582,0.14219268085802939,0.257376998470898,0.0972756096981419,normal,0,none,-0.5410049117158806,False
2026-05-02 00:50:00,149,1766.4630403235574,35.15578015319274,35.1033150446144,0.6234309623430963,0.03309129421459865,0.9628803745901664,False,outer_race,bpfo,0.47543919212624,2.013123495964536,2.7193863290172624,4.234239686807321,1.211436522249374,2.4617557655890674,1.7914997309711997,1.5818198700435204,24.833333333333332,0.4763911561429018,True,False,-0.9304113235293073,-0.2658318067226592,0.5687707234321175,0.14219268085802939,-0.3647382645590795,-0.09118456613976987,-0.8821143143654897,-0.22052857859137243,0.3204161600062169,0.08010404000155423,0.42805520791748997,0.28363518453960446,0.10441587400535057,normal,0,none,0.05246510857833897,False
2026-05-02 01:00:00,150,1768.130182294153,33.645723595637484,33.43675224955853,0.6276150627615062,0.03550943763196241,0.9876375147029381,False,outer_race,bpfo,0.4897476396832845,1.943575935269878,2.763455893619607,3.9685253746741314,2.7328882929848826,3.6861662280341836,2.406613470315471,2.131409278882776,25.0,0.4902655533625184,True,False,-0.4067975314056368,-0.11622786611589622,2.161101150511369,0.5402752876278423,0.9162479293660502,0.22906198234151254,1.4731122027935133,0.3682780506983783,1.916255121420377,0.4790637803550942,0.5402752876278423,0.3231182773224103,0.11602273629909338,normal,0,none,0.20897134607895396,False
2026-05-02 01:10:00,151,1768.181377299344,32.406078906711095,32.89030164202549,0.6317991631799164,0.03799598230592281,0.9912705943436972,False,outer_race,bpfo,0.4890863416566702,1.800463607849495,2.766151928080441,3.681279672932245,2.7230051547853327,2.28146317761792,2.9027633246050355,3.4131460083227014,25.166666666666668,0.48958938027869,True,False,-0.43231601317829227,-0.1235188609080835,0.33430247735880436,0.08357561933970109,3.9037273608328853,0.9759318402082213,1.4578129802956,0.3644532450739,3.2034565242362203,0.8008641310590551,0.5402752876278423,0.3565270481386306,0.12670422639353865,normal,0,none,-0.48422273531439686,False
2026-05-02 01:20:00,152,1767.6322528325402,32.26339696571656,32.00587915747141,0.6359832635983264,0.04055286308115038,0.9846508317980082,False,outer_race,bpfo,0.49189096951753886,1.994587254539926,2.79461860298654,4.054937736499363,1.726806101755765,2.606295352661816,1.1772237301225748,2.421163474325073,25.333333333333332,0.4925498585188613,True,False,-0.32058883589638476,-0.09159681025610993,0.7567426409162228,0.1891856602290557,1.5916086951009414,0.39790217377523535,-0.08431570967902663,-0.021078927419756657,-1.2732493891667302,-0.31831234729168256,0.39790217377523535,0.36289245208272364,0.12883233291306853,normal,0,none,0.25751780824514725,False
2026-05-02 01:30:00,153,1769.1675510586517,32.26216254078629,32.01919441725225,0.6401673640167364,0.04318206953265394,0.9662163538031477,False,outer_race,bpfo,0.48311108233645167,1.8535213497157763,2.7344296246819466,3.8366359569970157,1.7195732490143585,1.9803140471192398,1.2622845767123625,1.3166469609907985,25.5,0.483338401285866,True,False,-0.6682252756210747,-0.19092150732030705,-0.05733818424082111,-0.014334546060205278,-0.9828048248607383,-0.24570120621518457,-0.09551225688408961,-0.023878064221022403,-1.0525692053302216,-0.2631423013325554,0.39790217377523535,0.3682785631123408,0.13065675857273235,normal,0,none,0.24296812353404107,False
2026-05-02 01:40:00,154,1772.2103232063423,33.917111278470145,34.70740728541743,0.6443514644351465,0.04588564751392014,0.9440070803265945,False,outer_race,bpfo,0.4732270853960788,1.6399435317159576,2.7310400059338047,3.4654473134042347,2.2449305329121345,2.85863300379247,2.163164692721805,2.8274160052818327,25.666666666666668,0.4726368705694163,True,False,-1.072096448636476,-0.30631327103899314,1.0849045866992206,0.27122614667480516,2.5385044595259774,0.6346261148814943,0.7177474400831781,0.17943686002079454,1.2846564112260956,0.3211641028065239,0.5836760354137578,0.40141663577409725,0.14236919117514749,normal,0,none,-0.7902960069472869,False
2026-05-02 01:50:00,155,1768.62499342156,33.198183153892785,33.130553859356,0.6485355648535565,0.04866570074884473,0.9167884829189095,False,outer_race,bpfo,0.4587362259203802,1.7778757218098065,2.7388783898577915,3.875594778334294,2.3277093546245307,3.8196569376590443,1.9156073128887832,1.8045129639009245,25.833333333333332,0.45909286756615325,True,False,-1.5832413049366827,-0.4523546585533379,2.334704141655031,0.5836760354137578,0.15431609516065592,0.03857902379016398,0.8458900994209518,0.21147252485523796,0.6423984243629066,0.16059960609072665,0.6346261148814943,0.4372950171752353,0.1560239036267604,normal,0,none,0.06762929453678623,False
2026-05-02 02:00:00,156,1767.912076420229,33.549045183789474,33.13768060223913,0.6527196652719666,0.05152439246869496,0.900260852673008,False,outer_race,bpfo,0.45470929979567903,1.9134284029644688,2.7757021002047,4.208025663482705,3.6161902112052315,3.6525245800841213,1.2261733428627601,1.2805656988720622,26.0,0.45524631647294894,True,False,-1.7284084911307225,-0.4938309974659207,2.117350609911612,0.529337652477903,-1.066903240678306,-0.2667258101695765,2.8404747051515553,0.7101186762878888,-1.146255478674345,-0.28656386966858627,0.5836760354137578,0.4598151738273157,0.16512841502150682,normal,0,none,0.4113645815503446,False
2026-05-02 02:10:00,157,1770.4948124764442,33.46808300388903,33.528725623727226,0.6569037656903766,0.054463947095375186,0.8998970522579698,False,outer_race,bpfo,0.4557141095312247,1.8735247460324318,2.7841634825995323,4.111184417703576,1.676470722005671,3.263055447465273,2.3559435439659175,2.720358624733261,26.166666666666668,0.4555867479453569,True,False,-1.7155607535746897,-0.4901602153070542,1.6108508949069673,0.40271272372674183,2.2889744936371708,0.5722436234092927,-0.16223551194878844,-0.04055887798719711,1.7847980632073646,0.44619951580184114,0.5722436234092927,0.47711185837838904,0.1724068718886747,normal,0,none,-0.060642619838198186,False
2026-05-02 02:20:00,158,1770.4580584153757,34.12058272680389,33.937977905458816,0.6610878661087866,0.05748665197230743,0.8932225707688599,False,outer_race,bpfo,0.4532681867281188,1.8846183087616233,2.7790919483987215,4.157843775371914,2.647854364745983,2.7146011861374166,1.7644735141801637,1.8458155226933632,26.333333333333332,0.4531509157730877,True,False,-1.807488013585339,-0.5164251467386684,0.8975930169649392,0.2243982542412348,0.25058433966456256,0.06264608491614064,1.3414786101298204,0.3353696525324551,0.25029987585243085,0.06257496896310771,0.3353696525324551,0.45530536517132225,0.16327167504234358,normal,0,none,0.18260482134507328,False
2026-05-02 02:30:00,159,1772.6213457565927,34.584035526059324,34.45495639884211,0.6652719665271967,0.06059485914427245,0.8861446008654891,False,outer_race,bpfo,0.451952484075697,1.7326905828411658,2.7558609357558708,3.833789267437591,1.782281709935111,2.487106398436065,1.688287222748067,2.24113573330701,26.5,0.4512841384478225,True,False,-1.8779393880746444,-0.5365541108784698,0.6017389030304671,0.15043472575761677,1.171998988184051,0.2929997470460127,0.0015612309855829404,0.0003903077463957351,0.05264366299884928,0.01316091574971232,0.3353696525324551,0.436853717073035,0.1558496512233512,normal,0,none,0.12907912721721715,False
2026-05-02 02:40:00,160,1767.9181088691255,33.2903085410214,33.50060749838745,0.6694560669456067,0.06379098718759606,0.9000159301492804,False,outer_race,bpfo,0.45648478039039697,1.7669759798882914,2.7999299197630307,3.870832184979158,1.699292316423512,1.694175241713999,2.5274401907274324,2.0979115280925953,26.666666666666668,0.45702233448348895,True,False,-1.6613823341987328,-0.4746806669139237,-0.4294581065951249,-0.10736452664878122,0.8381711767947199,0.20954279419867997,-0.12690739615135951,-0.03172684903783988,2.2297255833529213,0.5574313958382303,0.5016988923904245,0.4468298978910949,0.15982774344544626,normal,0,none,-0.21029895736604942,False
2026-05-02 02:50:00,161,1766.8145194009157,32.5254858629864,32.78549389077129,0.6736401673640168,0.06707752309210657,0.8966889627167671,False,outer_race,bpfo,0.45716239620017507,1.7326727895645375,2.750878524483821,3.7900597336222335,1.0878499433347615,3.567514116314506,2.1820222074824343,2.5290757778435484,26.833333333333332,0.45798663775339726,True,False,-1.6249899429530754,-0.46428284084373583,2.006795569561698,0.5016988923904245,1.8431313204255064,0.4607828301063766,-1.0734278961847452,-0.2683569740461863,1.3335799758379598,0.33339499395948996,0.5574313958382303,0.46384551295988496,0.1668020510913744,normal,0,none,-0.26000802778489174,False
2026-05-02 03:00:00,162,1771.082749985529,32.63103564960221,33.39822329857921,0.6778242677824268,0.07045702419632521,0.9175736368566454,False,outer_race,bpfo,0.4704830947821363,1.8340822430327997,2.79844858237824,3.898295737665339,1.0854196372811993,3.7017982664839746,2.468853494456552,2.7402743573222623,27.0,0.47019546532830575,True,False,-1.1642340338716064,-0.33263829539188755,2.181430420167533,0.5453576050418832,2.3353941991083818,0.5838485497770954,-1.0771900405867296,-0.2692975101466824,2.0777294132961814,0.5194323533240454,0.5838485497770954,0.4823075186240712,0.17464223396739484,normal,0,none,-0.767187648977,False
2026-05-02 03:10:00,163,1768.7772239704177,33.66550840983231,33.678880399902845,0.6820083682008368,0.07393212017739778,0.8967010435434752,False,outer_race,bpfo,0.4613838417818512,1.8610081992900063,2.8378304706342923,4.033535704464304,0.9090989582732021,4.40593362575935,1.0607289587049586,1.4857534462111357,27.166666666666668,0.46170280173594935,True,False,-1.4847435103148099,-0.4242124315185171,3.097149610542239,0.7742874026355597,-0.588650444542587,-0.14716261113564674,-1.3501366740001313,-0.3375341685000328,-1.5754811280114038,-0.39387028200285096,0.66961998052581,0.5111248204551079,0.18745605738421417,normal,0,none,-0.01337199007053158,False
2026-05-02 03:20:00,164,1770.9756726244414,32.936423184625426,32.708114084944,0.6861924686192469,0.07750551509731426,0.8967303001412263,False,outer_race,bpfo,0.46266034228044783,1.7727038884565,2.810586640107125,3.8315449293078845,1.7564567797217705,4.08400072909692,1.6442835829485642,1.4172355092415396,27.333333333333332,0.4624054516925332,True,False,-1.4582258027359738,-0.41663594363884965,2.67847992210324,0.66961998052581,-0.7483524509543517,-0.18708811273858791,-0.03841608647669614,-0.009604021619174036,-0.06151851278174802,-0.015379628195437004,0.66961998052581,0.5355086912352158,0.19885374338306844,normal,0,none,0.2283090996814252,False
2026-05-02 03:30:00,165,1772.8433364134687,33.97455616545931,34.06920510710128,0.6903765690376569,0.08117998950700904,0.8797977321426999,False,outer_race,bpfo,0.45667772768442255,1.8481083896304857,2.803460554670497,4.0468546583195355,2.394191926597497,3.4786000562765578,0.9787199950684405,1.7447417812677017,27.5,0.4559452949952645,True,False,-1.7020293419043209,-0.4862940976869488,1.8911639512963299,0.47279098782408246,0.015001074681194753,0.0037502686702986883,0.9488059587675594,0.23720148969188984,-1.7882435668668049,-0.4470608917167012,0.66961998052581,0.5561411972799226,0.20889872837140747,normal,0,none,-0.09464894164197091,False
2026-05-02 03:40:00,166,1772.7485519915556,33.36277582219157,32.707784128974865,0.694560669456067,0.08495840260998004,0.895332672731931,False,outer_race,bpfo,0.46825183897713535,1.7931982468730427,2.782867858785469,3.829559432783358,1.7454266294235834,6.30722688488778,1.7896975146667313,1.77664614240635,27.666666666666668,0.46752583949845894,True,False,-1.2649845661066936,-0.3614241617447696,5.56975761265377,1.3924394031634424,0.08936394537574856,0.02234098634393714,-0.05549089816000101,-0.013872724540000252,0.31574052554773047,0.07893513138693262,0.9600282481153877,0.6182776666392249,0.24137295707244796,normal,0,none,0.6549916932167079,False
2026-05-02 03:50:00,167,1772.0346593552524,34.24607377519909,33.59682880373265,0.698744769874477,0.08884369448710817,0.8913875765561914,False,outer_race,bpfo,0.4702414682329271,1.8280436049647422,2.8368601650109184,3.887457250068061,1.3505297931632807,4.977229710143183,1.7676086144407401,1.630995044338281,27.833333333333332,0.4697015345484946,True,False,-1.1828747693622872,-0.33796421981779634,3.8401129924615507,0.9600282481153877,-0.2501204820066606,-0.06253012050166515,-0.6667961778882184,-0.1666990444720546,0.25843351817539534,0.06460837954384883,1.2451959257047829,0.7147266295723876,0.2982133833243296,normal,0,none,0.6492449714664446,False
2026-05-02 04:00:00,168,1770.1945841000102,34.76276377333258,34.86477738678819,0.702928870292887,0.09283888838441082,0.8862853764627454,False,outer_race,bpfo,0.46760010003563,1.9850319367718186,2.834607022329091,4.245148657197815,1.1639923747188754,5.854339842697984,1.5334286562087394,2.2137549566741757,28.0,0.4675487002937896,True,False,-1.264121809509447,-0.361177659859842,4.9807837028191315,1.2451959257047829,1.1081797145927228,0.2770449286481807,-0.9555584527188304,-0.2388896131797076,-0.34911834975614625,-0.08727958743903656,1.196558746268573,0.7888546475256469,0.34673183099807514,normal,0,none,-0.10201361345561111,False
2026-05-02 04:10:00,169,1773.5947971579683,35.02663721062362,34.92327954265027,0.7071129707112971,0.09694709306550751,0.9005277275126552,False,outer_race,bpfo,0.4769637731114555,1.9344416046288955,2.8344030138402347,4.055741156209071,2.3402837444920466,5.704743074708692,3.201141859796574,2.4257498001051707,28.166666666666668,0.47599704270675297,True,False,-0.9452849953409374,-0.2700814272402678,4.786234985074292,1.196558746268573,1.6022985299315586,0.40057463248288966,0.8653554134208508,0.2163388533552127,3.9775639148725404,0.9943909787181351,1.2451959257047829,0.8590609980147448,0.39584286224450155,watch,0,bpfo,0.10335766797334855,False
2026-05-02 04:20:00,170,1772.0020793136414,33.27223635727554,33.339952727373024,0.7112970711297071,0.10117150523062887,0.881004751412204,False,outer_race,bpfo,0.4679762798183664,1.9751954706143346,2.793970860668186,4.220717065790083,1.5624651516578794,7.832667664422443,1.8195208564411836,1.024902130981668,28.333333333333332,0.4674475413704623,True,False,-1.267939503828856,-0.3622684296653874,7.553574185986437,1.8883935464966093,-1.662805373233817,-0.41570134330845426,-0.33871757174957384,-0.08467939293739346,0.3931136156269362,0.09827840390673405,1.196558746268573,0.9109837285153337,0.43363174974186625,watch,0,bpfo,-0.06771637009748588,False
2026-05-02 04:30:00,171,1768.395979490857,33.256912941655074,33.350498602880634,0.7154811715481172,0.1055154120040524,0.8826832108856589,False,outer_race,bpfo,0.473459928948451,2.060700991802902,2.837330547949817,4.352429563320585,1.8078353693794649,4.140264104243137,1.4882206344685027,1.578270698529499,28.5,0.4738893799566519,True,False,-1.0248272823051494,-0.2928077949443284,2.7516497347791185,0.6879124336947796,-0.37301069418783817,-0.09325267354695954,0.041118617878430824,0.010279654469607706,-0.46640515030532,-0.11660128757633,0.6879124336947796,0.87666506777371,0.40853986252100527,watch,0,bpfo,-0.09358566122556056,False
2026-05-02 04:40:00,172,1770.3513712932154,32.756333254142284,32.209994597848784,0.7196652719665272,0.10998219349189808,0.86695690236212,False,outer_race,bpfo,0.47309756686250337,2.1071444998709135,2.8877811444382706,4.453932227648328,2.5039832307051473,4.042321712520186,2.242298736595955,2.0973778046660536,28.666666666666668,0.4730036686078512,True,False,-1.058253648202819,-0.30235818520080543,2.624276884558672,0.656069221139668,0.8369271711247084,0.2092317927811771,1.118764281312874,0.2796910703282185,1.4899602149149054,0.37249005372872634,0.6879124336947796,0.8476262009923361,0.38766893025891425,watch,0,bpfo,0.5463386562935,False
2026-05-02 04:50:00,173,1766.380999773902,33.69374947884904,33.20343417974126,0.7238493723849372,0.11457532541227683,0.8450779276136146,False,outer_race,bpfo,0.45785199698919743,2.0944033626451306,2.904652925059329,4.574411330337707,1.4796363053523856,6.473023709200517,1.6537856476109702,1.3673758312631563,28.833333333333332,0.4587900542264726,True,False,-1.594669350320278,-0.45561981437722227,5.785374300164817,1.4463435750412041,-0.8645656786778547,-0.21614141966946368,-0.46693766978796225,-0.11673441744699056,-0.036866543508050485,-0.009216635877012621,1.4463435750412041,0.9397365662306234,0.45492513101816007,watch,0,bpfo,0.4903152991077846,False
2026-05-02 05:00:00,174,1768.8924304534412,32.969503626875756,32.81613231192947,0.7280334728033473,0.11929838179983646,0.8480142366212597,False,outer_race,bpfo,0.46422603632442244,1.7556166233373653,2.901101195844878,3.7818142154147942,1.5489712427767965,6.774930825904186,1.110818189527804,2.7189773081518958,29.0,0.46451670556563845,True,False,-1.378547988331943,-0.39387085380912656,6.178000713303268,1.544500178325817,2.2857549129070653,0.5714387282267663,-0.3596063127719,-0.089901578192975,-1.4455306148273284,-0.3613826537068321,1.544500178325817,1.0327771219375763,0.5245630528443826,alert,1,bpfo,0.1533713149462841,False
2026-05-02 05:10:00,175,1768.5593513528027,33.20073399840186,32.98950798247479,0.7322175732217573,0.12415503778681003,0.8532926699578463,False,outer_race,bpfo,0.469890610242428,1.9464722379507935,2.8660752303545936,4.142394411640958,2.260077304157372,7.0155712015030955,2.157143650988132,1.946035577553405,29.166666666666668,0.47027337787273604,True,False,-1.1612936479076332,-0.33179818511646664,6.490950499182036,1.622737624795509,0.48417782703047624,0.12104445675761906,0.741194832877548,0.185298708219387,1.2690355392274648,0.3172588848068662,1.544500178325817,1.1115037459973056,0.582856623972612,alert,1,bpfo,0.21122601592706758,False
2026-05-02 05:20:00,176,1770.2096711350239,32.7947374434042,33.20611525652757,0.7364016736401674,0.129149072462732,0.8380829900830102,False,outer_race,bpfo,0.46255282793517044,2.0606366163412337,2.967522778358663,4.4549216692499485,1.0642933089565234,4.721881238488237,1.9288911874242527,2.351603960777629,29.333333333333332,0.46249804121808086,True,False,-1.4547315138082801,-0.4156375753737943,3.508035512404425,0.8770088781011063,1.4294789759372935,0.35736974398432336,-1.109893863105159,-0.27747346577628973,0.6768618466315075,0.16921546165787688,1.3892887436587724,1.154239899483685,0.6136591655642326,alert,1,bpfo,-0.41137781312336585,False
2026-05-02 05:30:00,177,1770.2682073873727,32.36241226052479,32.378674474626635,0.7405857740585774,0.13428437181504438,0.8487829414167416,False,outer_race,bpfo,0.47439232949054777,2.037952948182776,2.9521050038825742,4.29592306092163,1.5650845229786159,6.29753618151236,2.123589240182313,1.7124139021695188,29.5,0.474320455902833,True,False,-1.0085586612400095,-0.2881596174971456,5.55715497463509,1.3892887436587724,-0.060348934139235706,-0.015087233534808927,-0.3346627519310645,-0.08366568798276612,1.1819826371929483,0.29549565929823707,1.3892887436587724,1.1904012601260061,0.6390408947648789,alert,1,bpfo,-0.016262214101843142,False
2026-05-02 05:40:00,178,1771.5096058361519,32.68479425005555,32.7832050451818,0.7447698744769874,0.1395649317528851,0.8426205686366499,False,outer_race,bpfo,0.47404111340948885,2.186020153416427,2.9379067183904355,4.611456879116911,1.4239097276446595,6.631067304578287,1.254736319624436,2.4244696773396717,29.666666666666668,0.4736371555483396,True,False,-1.0343461231464548,-0.2955274637561299,5.9909080108311485,1.4977270027077871,1.5993148123366419,0.39982870308416046,-0.5532031144456717,-0.13830077861141793,-1.0721522547423916,-0.2680380636855979,1.4977270027077871,1.2376821436001262,0.671073959871495,alert,1,bpfo,-0.09841079512624873,False
2026-05-02 05:50:00,179,1767.406158062164,31.588310623293467,30.94291102970989,0.7489539748953975,0.14499486121640762,0.8339202991265626,False,outer_race,bpfo,0.4704297428255247,1.9510447104682376,2.9818333025550463,4.147366828359428,1.6589038375213818,6.996779214783907,1.7133118076465097,1.9908040987682498,29.833333333333332,0.4711201446271593,True,False,-1.1293370342753721,-0.3226677240786778,6.466511756492369,1.6166279391230922,0.5885245569279469,0.14713113923198673,-0.18942927053981204,-0.04735731763495301,0.11756695282281479,0.029391738205703698,1.6166279391230922,1.2959814967575056,0.7084658054518366,alert,1,bpfo,0.6453995935835763,False
2026-05-02 06:00:00,180,1772.4813769690275,32.23647511075043,32.506290318977825,0.7531380753138075,0.15057838537405302,0.8253505918734616,True,outer_race,bpfo,0.9354593694961892,3.616992560257095,2.9851220179702422,3.8665415925066853,2.7986387321275097,4.072378324764794,1.7889410145006945,1.6879378834607888,30.0,0.934149777550632,True,False,16.34520244466494,4.670057841332841,2.663365131253687,0.6658412828134217,-0.11739778104906884,-0.02934944526226721,1.5748947112911063,0.39372367782277656,0.31377787642764293,0.07844446910691073,2.3570475595435885,1.459222429493826,0.7986160952470468,alert,1,rms,-0.26981520822739213,False
2026-05-02 06:10:00,181,1768.5956045280254,30.66460739821977,31.186092140917804,0.7573221757322176,0.15631984891026388,0.8265226760623722,False,outer_race,bpfo,0.4747015952909522,2.0324598412091057,3.0523864449521207,4.281552582445776,2.713301930550085,9.274139527505925,3.5446096064276325,2.2382327526993966,30.166666666666668,0.4750785434012262,True,False,-0.9799487646432788,-0.2799853613266511,9.428190238174354,2.3570475595435885,1.1652327040821806,0.29130817602054515,1.442792266882024,0.360698066720506,4.868649866955614,1.2171624667389036,2.3570475595435885,1.597349372578405,0.8571781982145071,critical,1,bpfo,-0.5214847426980356,False
2026-05-02 06:20:00,182,1769.7158888716272,31.596920626117974,31.575457652729828,0.7615062761506276,0.16222371940619434,0.843081351188703,False,outer_race,bpfo,0.4843883525431785,2.4870592640772866,3.0023196782252963,5.134432426005928,2.36182489331124,5.927869723457251,1.4430499736269693,1.9750481993330187,30.333333333333332,0.48446611650646615,True,False,-0.6256657875404582,-0.17876165358298807,5.076408389167105,1.2691020972917761,0.551800614790796,0.137950153697699,0.8987013832931041,0.22467534582327603,-0.5835950224752844,-0.1458987556188211,1.3157334899804505,1.5540238521787195,0.8405158889129187,critical,1,bpfo,0.021462973388146622,False
2026-05-02 06:30:00,183,1769.534847667143,33.54826411961163,33.252416264293785,0.7656903765690377,0.16829459081605133,0.835442732043856,False,outer_race,bpfo,0.4863382802508965,2.126584622374217,3.0918073991935118,4.3726449443320305,2.2906845818742743,6.071297153129944,1.8322055551414025,2.193743625899683,30.5,0.48646612254002386,True,False,-0.5501864188208773,-0.1571961196631078,5.262933959921802,1.3157334899804505,1.0615371883141798,0.26538429707854494,0.78857528455105,0.1971438211377625,0.42602254791836613,0.10650563697959153,1.3157334899804505,1.5173637964559088,0.8252155882057657,critical,1,bpfo,0.2958478553178452,False
2026-05-02 06:40:00,184,1766.9754650148814,35.13264568154163,34.712096015662596,0.7698744769874477,0.17453718704176843,0.831817869529096,False,outer_race,bpfo,0.4882209045242756,2.356015522330782,3.1451614963217223,4.825716188098281,1.0104408607845954,7.61374941531874,3.3556759477060383,1.943834304926017,30.666666666666668,0.48905659309802013,True,False,-0.4524231725488618,-0.12926376358538907,7.268873752771731,1.8172184381929328,0.4790470879743781,0.11976177199359453,-1.1932581316203157,-0.2983145329050789,4.378484106665717,1.0946210266664294,1.3157334899804505,1.4863437493058382,0.8113844619624144,critical,1,bpfo,0.42054966587903664,False
2026-05-02 06:50:00,185,1768.2875795375603,37.36019027150231,36.756138556211994,0.7740585774058577,0.1809563656087967,0.8474075605231792,False,outer_race,bpfo,0.5015055418881845,2.2595928208914797,3.170350880978799,4.505618845973347,1.0632346606493022,4.595423799172003,1.3171234958574711,1.1536590136796503,30.833333333333332,0.5019912029095558,True,False,0.035723446425144884,0.010206698978612825,3.343579200955033,0.8358948002387583,-1.3626980813969882,-0.34067452034924706,-1.1115326640277194,-0.27788316600692986,-0.9102961943796001,-0.22757404859490002,1.1695829414973966,1.4376113173353087,0.7879869921969237,alert,1,bpfo,0.6040517152903178,False
2026-05-02 07:00:00,186,1767.9760601154728,37.820345139038196,37.844352411039004,0.7782426778242678,0.18755712144587014,0.8471583067404028,False,outer_race,bpfo,0.5071551598052748,2.577151908879659,3.284311823470156,5.081584716340402,1.6940418451344768,5.621771708884101,1.0948661163247784,2.3261832414122834,31.0,0.5077357398135282,True,False,0.2525198019475688,0.07214851484216252,4.678331765989586,1.1695829414973966,1.370228215236814,0.3425570538092035,-0.13503519188263002,-0.033758797970657506,-1.4869163591286294,-0.37172908978215735,1.1695829414973966,1.3963761825910144,0.7665851694626585,alert,1,bpfo,-0.024007272000808655,False
2026-05-02 07:10:00,187,1771.6759291065334,37.607789340540606,38.05615174738501,0.7824267782426778,0.194344590771689,0.8643247023144948,False,outer_race,bpfo,0.5209483382071411,2.522612268012931,3.283803335762674,4.84234631920427,1.971161072392378,6.384134535820415,1.6891695615011464,2.4773218806201407,31.166666666666668,0.5204555435212406,True,False,0.7325597308208213,0.20930278023452037,5.669775046685386,1.4174437616713464,1.7225030354572353,0.4306257588643088,0.29394886466547837,0.07348721616636959,0.05493278526887167,0.013733196317217918,1.2752922771791726,1.377747889450731,0.7564370097287462,alert,1,bpfo,-0.448362406844403,False
2026-05-02 07:20:00,188,1765.8300169174188,37.337582662059766,36.78252463198807,0.7866108786610879,0.20132405509154472,0.8764307478191432,False,outer_race,bpfo,0.5301939337482899,2.4089166153521147,3.236606043988439,4.543463178316465,1.2309087524003928,5.9469092918524815,2.825681967660287,2.687682755533842,31.333333333333332,0.531445979365952,True,False,1.1473340592943324,0.3278097312269521,5.10116910871669,1.2752922771791726,2.212813387462721,0.5532033468656803,-0.8519710566677896,-0.2129927641669474,3.0034781710584273,0.7508695427646068,1.2752922771791726,1.3619854875627988,0.74761953270704,alert,1,bpfo,0.5550580300716987,False
2026-05-02 07:30:00,189,1770.9020173658052,36.72224069097319,36.37854983467031,0.7907949790794979,0.20850094530699476,0.871133035539144,False,outer_race,bpfo,0.5317430479156298,2.5391288838035617,3.30596583447496,4.775104994332598,1.8385776659971806,5.701651653372357,1.2178112555449259,1.4096687784670248,31.5,0.5314722020649487,True,False,1.148323692692027,0.32809248362629345,4.7822146304564965,1.1955536576141241,-0.7659890310983787,-0.19149725777459467,0.08870808051214234,0.022177020128035584,-1.1679499131943296,-0.2919874782985824,1.2752922771791726,1.3486480705807025,0.7399953162946684,alert,1,bpfo,0.343690856302878,False
2026-05-02 07:40:00,190,1773.4213526473386,35.907116694594045,36.06838660368869,0.7949790794979079,0.2158808459417886,0.9056586639827375,False,outer_race,bpfo,0.5591786330752045,3.045723635949086,3.362573226998993,5.446781146123413,2.136301382196339,6.765245103437451,2.1506085115798,1.7542439415584874,31.666666666666668,0.5580998441603473,True,False,2.1532394690091747,0.6152112768597642,6.165404552893769,1.5413511382234422,0.03714876521014404,0.00928719130253601,0.5495881456359931,0.13739703640899828,1.2520809023546047,0.31302022558865117,1.1955536576141241,1.3250950839704596,0.7261717062241194,alert,1,bpfo,-0.16126990909464212,False
2026-05-02 07:50:00,191,1770.5890244606376,34.81475369118113,34.519297042190246,0.799163179916318,0.22346949948732936,0.9242654769450858,False,outer_race,bpfo,0.5801480456524197,3.2582880338460654,3.4607934127668427,5.616304421368648,1.5755705715530965,5.251961633884278,3.0073345839611583,2.5663481583436014,31.833333333333332,0.5799550469469271,True,False,2.9780454355367114,0.8508701244390604,4.197398408488916,1.049349602122229,1.93000600190114,0.482501500475285,-0.3184302165738017,-0.07960755414345043,3.4747541384019245,0.8686885346004811,1.334022700183776,1.3264685633878928,0.7269902763639375,alert,1,bpfo,0.29545664899088564,False
2026-05-02 08:00:00,192,1769.7696722846215,34.27473054158402,34.348664547994424,0.803347280334728,0.23127281087105425,0.9238473852843732,False,outer_race,bpfo,0.5890451934298536,3.072199614473899,3.5707014555306387,5.215558413413574,2.1143697090777382,6.127550553660348,1.9781256640985962,1.318683579443108,32.0,0.5891218550631622,True,False,3.323996836771316,0.9497133819346617,5.336090800735104,1.334022700183776,-0.9780578627145579,-0.24451446567863946,0.5156376392261705,0.1289094098065426,0.8045948024999819,0.20114870062499549,1.1586412334164653,1.3006489741615193,0.7113494314159382,alert,1,bpfo,-0.07393400641040415,False
2026-05-02 08:10:00,193,1768.533583003619,35.28691765007455,35.41854725755502,0.8075313807531381,0.2392968520512126,0.944233711098578,False,outer_race,bpfo,0.6079938714744991,3.4042960163034524,3.674469873960695,5.599227518605404,1.1162314317654234,4.190310781166544,1.3089284503718495,2.1160388438983118,32.166666666666664,0.6084980024423213,True,False,4.055244316957628,1.1586412334164653,2.816734809501696,0.704183702375424,0.8804224300149857,0.22010560750374641,-1.0294929943797266,-0.25737324859493166,-0.9315572588625001,-0.23288931471562502,1.334022700183776,1.3057833935495586,0.7145018792263227,alert,1,rms,-0.1316296074804697,False
2026-05-02 08:20:00,194,1767.1201393215088,37.07285129313833,36.97558686504587,0.8117154811715481,0.24754786674161192,0.9711686873102447,False,outer_race,bpfo,0.6286735764278536,3.3752935470983974,3.7515360407701044,5.368912697551151,1.7364651112012437,5.60366536322782,1.7483112044787625,1.613292711069037,32.333333333333336,0.6296981204144646,True,False,4.855327663942114,1.3872364754120325,4.654784690890167,1.1636961727225417,-0.2913811834565963,-0.07284529586414908,-0.06936344131728736,-0.01734086032932184,0.20836869812352246,0.052092174530880615,1.3872364754120325,1.318314636913016,0.7221083506764586,alert,1,rms,0.09726442809245839,False
2026-05-02 08:30:00,195,1767.7874909681295,38.22808296660529,38.38749757822308,0.8158995815899581,0.256032275270014,0.9694846563164446,False,outer_race,bpfo,0.6364419212713486,3.662242358734446,3.821471281626962,5.754244395810376,1.235108467406036,3.8927202915325982,1.66019199654271,1.8788588610270631,32.5,0.6372384726137855,True,False,5.139897317422424,1.4685420906921212,2.4297221156479916,0.6074305289119979,0.3276019450366608,0.0819004862591652,-0.8454698449067228,-0.2113674612266807,-0.020246038109190446,-0.0050615095272976115,1.4685420906921212,1.3414265528790323,0.7358053863651899,alert,1,rms,-0.15941461161779102,False
2026-05-02 08:40:00,196,1766.086486880395,39.129845187407135,38.63173868024476,0.8200836820083682,0.2647566795739582,0.9560851723206081,False,outer_race,bpfo,0.6362485367000241,3.5446550670040824,3.7788307757956923,5.571179912473892,1.2296387852073225,3.8500816033137695,3.2961620307029675,3.2572324953197827,32.666666666666664,0.637658414989792,True,False,5.155745762330956,1.4730702178088446,2.374271037186932,0.593567759296733,3.540323236970811,0.8850808092427027,-0.8539369818890636,-0.2134842454722659,4.224082373416978,1.0560205933542446,1.4730702178088446,1.3616794244066956,0.7474462451379953,alert,1,rms,0.49810650716237603,False
2026-05-02 08:50:00,197,1767.2544942340596,39.84553220535762,38.90074231012241,0.8242677824267782,0.2737278683378979,0.966449315890848,False,outer_race,bpfo,0.6465198516392445,3.37144994370999,3.9934294928770404,5.214766314076378,1.54276149780038,5.710419572998493,0.9050664792955538,2.141979167548215,32.833333333333336,0.6475242479988303,True,False,5.528078062794253,1.5794508750840723,4.79361719979995,1.1984042999499875,0.9408842874071365,0.23522107185178412,-0.3692190762617218,-0.09230476906543045,-1.979328796471341,-0.49483219911783527,1.5794508750840723,1.3951827245109074,0.7659439133174627,alert,1,rms,0.9447898952352105,False
2026-05-02 09:00:00,198,1768.265637672249,40.72348872699636,40.150635067689784,0.8284518828451883,0.2829528222756533,0.9780988392108303,False,outer_race,bpfo,0.6722182686908035,3.7850302286631483,3.990733132626582,5.630656596160031,1.9273515397067558,5.250706445142714,1.608973719747816,1.6456032272554701,33.0,0.6728775983844902,True,False,6.484902617284146,1.852829319224042,4.195766051296436,1.048941512824109,-0.21607164421196184,-0.05401791105299046,0.22613115590193267,0.05653278897548317,-0.15312572590956341,-0.038281431477390854,1.7867916659631367,1.4554302539650965,0.7967802092673171,alert,1,rms,0.5728536593065741,False
2026-05-02 09:10:00,199,1769.9295120171416,41.3330038558944,40.86473931727511,0.8326359832635983,0.292438719562284,0.9698625844104996,False,outer_race,bpfo,0.6667266574297139,3.806268372155519,3.9891692138569073,5.708888837337023,2.0598877690527346,3.2541591235698166,2.6388780886553245,2.443095557714201,33.166666666666664,0.6667532100222783,True,False,6.2537708308709785,1.7867916659631367,1.5992813374240964,0.3998203343560241,1.6427281227566242,0.41068203068915604,0.43129890938846877,0.10782472734711719,2.5188378692872324,0.6297094673218081,1.852829319224042,1.516568571697242,0.8248712238885116,critical,1,rms,0.4682645386192874,False
2026-05-02 09:20:00,200,1770.3897321013003,42.64042358171501,42.50461503681287,0.8368200836820083,0.30219294141961317,0.991924255968917,False,outer_race,bpfo,0.6920175479554217,4.154579232724651,4.145306872744394,6.0035749743621825,1.7852751437110839,2.9631289920412796,2.055556446172141,2.5081013689208396,33.333333333333336,0.6918652077965227,True,False,7.201486841465104,2.0575676689900297,1.2208003068844389,0.3052000767211097,1.7942440459918967,0.44856101149797417,0.006195104199403331,0.0015487760498508329,1.0054796973447273,0.2513699243361818,2.043418319091068,1.5976223789885997,0.8572784362786962,critical,1,rms,0.13580854490214023,False
2026-05-02 09:30:00,201,1768.67428774862,41.990327773230625,42.41218111435253,0.8410041841004184,0.31222307785974696,0.975288044373519,False,outer_race,bpfo,0.6900357677415141,3.604299386689752,4.154858148724503,5.223351535075664,2.5886489010841047,4.058825653376211,2.4955903860279824,1.8364856247974335,33.5,0.6905529850027826,True,False,7.151964116818738,2.043418319091068,2.6457400523425245,0.6614350130856311,0.22883815932848423,0.057209539832121056,1.2498278061679313,0.31245695154198283,2.147095077802846,0.5367737694507115,2.043418319091068,1.6662063697735947,0.880652017058764,critical,1,rms,-0.42185334112190276,False
2026-05-02 09:40:00,202,1769.1103382145277,44.26920776001435,44.08143487172714,0.8451882845188284,0.3225369335910582,0.9605734971233664,False,outer_race,bpfo,0.6884533346267039,4.092813758058834,4.357645697805716,5.944939986786551,1.6685694344997744,3.1354045027105983,1.849962215953858,1.6801111675556288,33.666666666666664,0.6887995485454561,True,False,7.085790178006426,2.0245114794304073,1.4448424446260288,0.3612106111565072,-0.1356403360492808,-0.0339100840123202,-0.17446680459409428,-0.04361670114852357,0.47209007874500697,0.11802251968625174,2.043418319091068,1.7242389773608982,0.8977725879630051,critical,1,rms,0.1877728882872134,False
2026-05-02 09:50:00,203,1772.62785072597,43.60139607309423,43.654109189698325,0.8493723849372385,0.3331425340912331,0.9655022360021087,False,outer_race,bpfo,0.7037051789905501,5.050502216343556,4.63679275307604,7.177014419004835,2.269687298080632,2.9318149792370822,1.2823423371129428,2.845375892105376,33.833333333333336,0.7026619638764912,True,False,7.6089517788011545,2.1739862225146154,1.180076826555384,0.295019206638846,2.580365468299794,0.6450913670749485,0.756071224593111,0.18901780614827776,-1.0005317470870054,-0.25013293677175136,2.1739862225146154,1.7934308612307006,0.9153121168976388,critical,1,rms,-0.052713116604095944,False
2026-05-02 10:00:00,204,1768.8661999167593,44.761469457983054,44.31192066494827,0.8535564853556485,0.34404813185210104,0.9873864051609492,False,outer_race,bpfo,0.7201637774932513,4.414998037879113,4.621314242827424,6.13054721142301,1.3660163859849257,3.3436267786600755,1.5816108991674602,2.3470090700530877,34.0,0.7206253849064673,True,False,8.286883573324175,2.3676810209497643,1.7156328991015082,0.42890822477537704,1.418769177884301,0.35469229447107525,-0.6428227370105297,-0.16070568425263243,-0.2241152882998733,-0.05602882207496832,2.3676810209497643,1.881777039649018,0.933722642777341,critical,1,rms,0.44954879303478634,False
2026-05-02 10:10:00,205,1773.8317467474415,45.835274893170684,45.74496878212477,0.8577405857740585,0.35526221280111414,0.9789716501577103,False,outer_race,bpfo,0.7326953928645855,3.966773359018859,4.6275360293619086,5.413946092263727,1.5945679873045808,3.606309431594815,1.1836525457310152,2.2040504197312663,34.166666666666664,0.7311126592182732,True,False,8.68266880164976,2.480762514757074,2.0572483897912845,0.5143120974478211,1.0855603233847324,0.2713900808461831,-0.28902197755104264,-0.07225549438776066,-1.256570596664658,-0.3141426491661645,2.4520952599829755,1.9695183043157807,0.9482677201739927,critical,1,rms,0.09030611104591202,False
2026-05-02 10:20:00,206,1769.5254714887785,47.3519365728242,46.78137910857356,0.8619246861924686,0.3667935029044647,0.9593121481679985,False,outer_race,bpfo,0.7282587384947604,5.823773512111729,4.987383470039708,7.996846730804631,1.9328522454365944,3.468267850030248,1.8922793616125886,1.6574765067009665,34.333333333333336,0.7284540335275418,True,False,8.582333409940414,2.4520952599829755,1.8777270468517187,0.46943176171292966,-0.18839733535215575,-0.04709933383803894,0.23464631770146935,0.05866157942536734,0.5818768473677184,0.1454692118419296,2.4520952599829755,2.0437609128799643,0.9581648417218123,critical,1,rms,0.5705574642506406,False
2026-05-02 10:30:00,207,1771.3488741228934,48.391850724389386,47.8947163889987,0.8661087866108786,0.3786509749569852,0.9401257632428548,False,outer_race,bpfo,0.7261708587271032,4.384702163921951,4.927631462196052,6.0381136356915315,1.4465661787269475,3.4906282481580178,2.8200930169363967,1.7163329480361238,34.5,0.7256178829161574,True,False,8.475298303971185,2.421513801134624,1.906806463756856,0.476701615939214,-0.051214399216004264,-0.012803599804001066,-0.5181306426131113,-0.12953266065327781,2.988978307459029,0.7472445768647572,2.4520952599829755,2.1065815816650426,0.9650999949911649,critical,1,rms,0.4971343353906832,False
2026-05-02 10:40:00,208,1773.857828595888,49.868837435673974,49.28949692699827,0.8702928870292888,0.3908438555641132,0.9511008320763461,False,outer_race,bpfo,0.7508243771189061,4.761576448534329,5.324391842532656,6.341797887284432,2.3522422846211004,3.7265604712903473,1.3256781135663787,1.8624799012522584,34.666666666666664,0.7491914662362839,True,False,9.364955213803826,2.6757014896582363,2.2136333564900594,0.5534083391225149,0.28942577023246885,0.07235644255811721,0.8838673842635689,0.22096684606589223,-0.8881022628078044,-0.2220255657019511,2.6757014896582363,2.194138490587072,0.972943940437856,critical,1,rms,0.5793405086757062,False
2026-05-02 10:50:00,209,1771.2058596921552,50.1805748759287,49.25542157878413,0.8744769874476988,0.4033816323213497,0.9736444071732534,False,outer_race,bpfo,0.7867695205962434,4.809038544131675,5.4078249285740405,6.112385416871774,2.7177154710695848,1.9774119156620693,1.2951902911093167,1.9017466424804792,34.833333333333336,0.7862338778042371,True,False,10.762919916953479,3.0751199762724224,-0.06111236974835755,-0.015278092437089387,0.38094891930482183,0.09523722982620546,1.449624483233553,0.36240612080838824,-0.9671992684730057,-0.24179981711825144,3.0751199762724224,2.3296741037694337,0.9818188648787048,critical,1,rms,0.9251532971445684,False
2026-05-02 11:00:00,210,1772.6028100083695,49.842600208470834,49.44734289849998,0.8786610878661087,0.4162740611968037,0.970687888451577,False,outer_race,bpfo,0.7884478440990326,5.307552304682149,5.481995001823724,6.73164667061414,2.024624218510944,1.0627233495778967,2.6644136044961773,1.5254898319727677,35.0,0.7872901228497423,True,False,10.80278215132189,3.086509186091969,-1.250653360903197,-0.3126633402257992,-0.49603264525740925,-0.12400816131435231,0.3767104886953493,0.09417762217383732,2.5850867082776974,0.6462716770694243,3.086509186091969,2.446110270280593,0.9871100145781434,critical,1,rms,0.3952573099708516,False
2026-05-02 11:10:00,211,1770.31042386451,50.85013958514819,50.56836184221058,0.8828451882845189,0.42953117412256353,0.9528194432163842,False,outer_race,bpfo,0.7885172047280278,4.806347915451542,5.65536420936274,6.09542554890648,1.1246442378583104,2.4109704375377405,1.5555181269980705,2.193047849652712,35.166666666666664,0.7883789382666069,True,False,10.843873577516687,3.0982495935761962,0.5027250421955821,0.12568126054889553,1.0599154689868124,0.2649788672467031,-1.0164698645146861,-0.25411746612867153,-0.2918098621255279,-0.07295246553138197,3.0982495935761962,2.546439396941455,0.9904282198278548,critical,1,rms,0.2817777429376136,False
2026-05-02 11:20:00,212,1770.352090820827,50.829785766409294,50.26288466141588,0.8870292887029289,0.4431632868007994,0.9582743790060421,False,outer_race,bpfo,0.8033509907975409,5.2583675613939445,5.863269790458257,6.545541888451033,1.0030278959067862,2.9673176957194265,1.8045856515668568,2.26273366691505,35.333333333333336,0.8031912189017532,True,False,11.402882686928884,3.257966481979681,1.2262476634052357,0.30656191585130893,1.222339577584497,0.30558489439612424,-1.2047334946826258,-0.30118337367065645,0.35436601447505617,0.08859150361876404,3.257966481979681,2.6559051023319515,0.9930890642717625,critical,1,rms,0.5669011049934127,False
2026-05-02 11:30:00,213,1764.9822770301585,51.308407439984435,51.0600873044818,0.891213389121339,0.45718100673068274,0.9624464758727564,False,outer_race,bpfo,0.8214091604448499,5.44392067596626,5.838690949333753,6.627538306266271,1.5877859137546688,2.6401348561276645,2.3205556808217223,2.160830793697818,35.5,0.8237443700759277,True,False,12.17854978482519,3.4795856528071973,0.8007504901290758,0.20018762253226896,0.9848237673939905,0.24620594184849762,-0.29952071288614535,-0.07488017822153634,1.6929884885636552,0.4232471221409138,3.4795856528071973,2.7826251870204506,0.995264284832737,critical,1,rms,0.2483201355026381,False
2026-05-02 11:40:00,214,1769.965326218838,52.4966466255678,51.70856830055668,0.895397489539749,0.47159524146235016,0.9533462906587435,False,outer_race,bpfo,0.8278919238491558,4.902350329726525,5.856500164524074,5.9214858709260065,1.6888353986088738,3.2986767892965663,1.9390027354975694,2.373939226660231,35.666666666666664,0.8279081423269802,True,False,12.335688761272422,3.524482503220692,1.6571760025331215,0.41429400063328037,1.4815381436961623,0.3703845359240406,-0.14309483672522832,-0.03577370918130708,0.7030950476535054,0.17577376191337635,3.524482503220692,2.8967570818204877,0.9966327006204905,critical,1,rms,0.7880783250111207,False
2026-05-02 11:50:00,215,1770.1826447944015,53.97700721962071,53.28466255228297,0.899581589958159,0.48641720708435426,0.9600295244339133,False,outer_race,bpfo,0.8514932465887118,6.272778373257389,6.516678277364353,7.366797562268002,1.4462451652571966,2.2881902971123327,2.9124224408428643,2.205487428248141,35.833333333333336,0.851405390790659,True,False,13.22246482640795,3.7778470932594144,0.3430510117646279,0.08576275294115697,1.0889097112023711,0.2722274278005928,-0.5186275755102724,-0.1296568938775681,3.228515945021696,0.807128986255424,3.7778470932594144,3.03230939127263,0.9977552820824738,critical,1,rms,0.6923446673377427,False
2026-05-02 12:00:00,216,1769.3908150993261,54.50700320359185,54.52781394858369,0.9037656903765691,0.501658436951191,0.9828172672377589,False,outer_race,bpfo,0.8852335954758368,7.142454729299006,6.635831182160835,8.068440653181204,2.7160780523557237,2.898168404518886,1.7258239606516514,1.5550697523210224,36.0,0.8855383732193015,True,False,14.510628923416984,4.145893978119139,1.136319878755552,0.284079969688888,-0.4270875946903925,-0.10677189867259812,1.4470897384268127,0.36177243460670316,0.15002823596382586,0.037507058990956466,4.145893978119139,3.203630096941324,0.9986561746857986,critical,1,rms,-0.020810744991841545,False
2026-05-02 12:10:00,217,1767.190385041288,56.6202116179385,55.48792028653625,0.9079497907949791,0.5173307906576979,0.9827717643492722,False,outer_race,bpfo,0.9052336352469001,7.328177728523842,6.979114914681418,8.095344056150875,1.2080493568884183,1.42909265366265,2.0851522856687024,1.3248825926303336,36.166666666666664,0.9066728451838983,True,False,15.308234818271112,4.373781376648889,-0.7741946827594259,-0.19354867068985648,-0.963609166686068,-0.240902291671517,-0.8873576890353739,-0.22183942225884348,1.0822625599982605,0.2705656399995651,4.373781376648889,3.383653370742488,0.9992165034628198,critical,1,rms,1.13229133140225,False
2026-05-02 12:20:00,218,1770.4446776537557,57.772051748696065,57.89053518538317,0.9121338912133892,0.5334464632673164,0.9626823079557089,False,outer_race,bpfo,0.9082130752595647,7.163975166794884,6.872393727679049,7.887989461886398,1.5793146983839699,1.729610229070336,1.2553599466610095,1.6677182590141288,36.333333333333336,0.9079849619135143,True,False,15.357753540102985,4.387929582886567,-0.3833753506229274,-0.09584383765573184,-0.16452579943142082,-0.041131449857855204,-0.312634261049417,-0.07815856526235425,-1.070534329050444,-0.267633582262611,4.387929582886567,3.5381574033800387,0.9995069822346996,critical,1,rms,-0.11848343668710726,False
2026-05-02 12:30:00,219,1771.6600279261972,59.57466579470279,59.18362146127639,0.9163179916317992,0.5500179948013811,0.9644700013675693,False,outer_race,bpfo,0.9351909373934216,6.116845354680442,7.018169224776701,6.540744900425795,4.153995359514387,1.8153793575009807,1.4295067714291994,1.7027344642806161,36.5,0.9343146727331997,True,False,16.35142551803386,4.671835862295389,-0.27183367641062817,-0.06795841910265704,-0.08290982432601636,-0.02072745608150409,3.6730038531179225,0.9182509632794806,-0.6187312393195886,-0.15468280982989716,4.6014484384531675,3.7017406395451355,0.9996981329385168,critical,1,rms,0.3910443334264002,False
2026-05-02 12:40:00,220,1770.8166309480187,60.473892559900605,60.13426202857641,0.9205020920502092,0.5670582799968377,0.9491815155758824,False,outer_race,bpfo,0.9282149391367873,5.835879420630274,6.825190077334425,6.287206954520115,1.7473201575060606,2.2063394317809677,1.3074594175511116,1.2141526979126491,36.666666666666664,0.9277868829323985,True,False,16.105069534586086,4.6014484384531675,0.23660498949720474,0.059151247374301184,-1.2216990499822424,-0.3054247624955606,-0.05255969282269369,-0.013139923205673422,-0.9353684886578689,-0.23384212216446723,4.671835862295389,3.8509860584297897,0.9998070638263202,critical,1,rms,0.33963053132419674,False
2026-05-02 12:50:00,221,1771.3962421013728,61.18720674126663,61.27053130325948,0.9246861924686193,0.5845805783399695,0.9537879172176074,False,outer_race,bpfo,0.9433141105154852,6.278970077236912,7.413972164231326,6.656287664143701,2.139519614062393,2.361890010106119,1.170885705796089,2.934239416599367,36.833333333333336,0.9425705756447336,True,False,16.662999748069677,4.760857070877051,0.4388965628003976,0.1097241407000994,2.7874890885688735,0.6968722721422184,0.554570009126567,0.13864250228164174,-1.2896926345564022,-0.32242315863910054,4.760857070877051,3.9909662141909066,0.9998732159654838,critical,1,rms,-0.08332456199285332,False
2026-05-02 13:00:00,222,1771.593266051838,62.77523889509695,62.71777448799181,0.9288702928870293,0.6025985243839461,0.9452236413022357,False,outer_race,bpfo,0.9577534258070204,6.517106673584639,7.3731000422351345,6.804576729227783,2.0719709989659534,3.13962295798855,1.6526440667635223,2.0328310641450242,37.0,0.9568920791036821,True,False,17.203487137637115,4.91528203932489,1.4503284927286737,0.3625821231821684,0.686481252516241,0.17162031312906026,0.45000390158863823,0.11250097539715956,-0.039828238358020414,-0.009957059589505103,4.91528203932489,4.133168648826905,0.9999172419036993,critical,1,rms,0.05746440710513667,False
2026-05-02 13:10:00,223,1773.0208312277784,64.75227708252304,63.79474014297906,0.9330543933054394,0.6211261383582238,0.9528078957508399,False,outer_race,bpfo,0.9883230189949798,7.998879573756848,7.9251301081508085,8.09338588702595,1.4332580954932315,1.6437536789283145,2.1881149979540404,1.0473540481878065,37.166666666666664,0.9866391374599587,True,False,18.326128343875006,5.236036669678573,-0.4950307156728027,-0.12375767891820068,-1.610474313890886,-0.4026185784727215,-0.538731723191206,-0.1346829307978015,1.3493869913481114,0.33734674783702784,5.236036669678573,4.302840652034853,0.999950253562441,critical,1,rms,0.9575369395439779,False
2026-05-02 13:20:00,224,1770.7181339987756,65.84100444742609,65.30683170673431,0.9372384937238494,0.640177837078044,0.9696767866437569,False,outer_race,bpfo,1.0203035093349269,8.611303265143299,8.108398300575098,8.43994280756368,1.2601726496451422,2.160262895965225,1.6041874597924861,2.539315542963658,37.333333333333336,1.0198897141492027,True,False,19.580990827265477,5.594568807790137,0.17668303341778852,0.04417075835444713,1.8669982245851038,0.46674955614627595,-0.806670174896867,-0.20166754372421675,-0.1655431044001077,-0.04138577610002692,5.594568807790137,4.501568060612589,0.9999725935340458,critical,1,rms,0.5341727406917727,False
2026-05-02 13:30:00,225,1770.5263367319567,66.6398420773531,66.91679166052984,0.9414225941422594,0.6597684451625356,0.958745288117228,False,outer_race,bpfo,1.0360277202825532,9.023515534088395,8.36795598728437,8.70972403289309,1.7996503633221679,1.5365725070527114,2.0773188087365093,2.2285641668778937,37.5,1.0357197330850758,True,False,20.178408943036494,5.765259698010427,-0.6344184834371474,-0.15860462085928684,1.142697107957278,0.2856742769893195,0.02844812533962778,0.007112031334906945,1.0619395418438309,0.2654848854609577,5.765259698010427,4.695982158673795,0.9999847046511343,critical,1,rms,-0.27694958317674434,False
2026-05-02 13:40:00,226,1768.8967805415589,67.82419213613204,66.67781788654561,0.9456066945606695,0.6799132065701299,0.9660559191373608,False,outer_race,bpfo,1.071835153697733,7.025291877207748,7.966392649472236,6.554451823091578,1.343113807723615,1.0248465713184318,1.4624552604958267,1.6024059710496183,37.666666666666664,1.0725036321588892,True,False,21.566617495686398,6.161890713053256,-1.2999116352745523,-0.3249779088186381,-0.3167560604783008,-0.0791890151195752,-0.6782762168183528,-0.1695690542045882,-0.5332503287024648,-0.1333125821756162,6.161890713053256,4.92150655165525,0.9999922244583018,critical,1,rms,1.1463742495864295,False
2026-05-02 13:50:00,227,1772.4991533787668,69.48688370656156,68.52827760964765,0.9497907949790795,0.7006277964602791,0.9699681836357847,False,outer_race,bpfo,1.0883560412702784,8.667622879381101,8.43099284546658,7.9639589901707675,2.0699169614216553,1.7381615019800811,2.049936514314154,1.4673272599108123,37.833333333333336,1.086821502496222,True,False,22.106967772804452,6.316276506515558,-0.3722545276129262,-0.09306363190323155,-0.6315983068517573,-0.15789957671293933,0.4468242255814044,0.1117060563953511,0.9908994569016687,0.24772486422541717,6.316276506515558,5.136086544710682,0.9999959153059109,critical,1,rms,0.9586060969139112,False
2026-05-02 14:00:00,228,1770.7469670793334,69.99106773086142,69.2229979916752,0.9539748953974896,0.7219283333907053,0.981326535073365,False,outer_race,bpfo,1.1444797450404285,10.251436138503738,8.810784181346538,8.95728926870751,2.166067699173933,1.2206282151533763,1.1609404587695575,2.4316962435397302,38.0,1.1439969608208858,True,False,24.264745013566863,6.932784289590532,-1.0453000666022134,-0.26132501665055335,1.6161585349100305,0.4040396337275076,0.5956667794857524,0.1489166948714381,-1.3154943874204275,-0.32887359685510686,6.625527106597127,5.3652312465393655,0.9999979459473086,critical,1,rms,0.7680697391862168,False
2026-05-02 14:10:00,229,1772.0250268605878,70.87710930369533,70.50163564131331,0.9581589958158996,0.7438313918596635,0.9597086253055113,False,outer_race,bpfo,1.116777893723004,8.058167254560544,8.503442820352133,7.215550468766015,2.2697996876953903,2.697627760083044,1.6534549064106783,1.805843561205278,38.166666666666664,1.115501667260161,True,False,23.189344873089944,6.625527106597127,0.8755192895776506,0.21887982239441264,0.15741745910460556,0.03935436477615139,0.7562452051332922,0.18906130128332305,-0.03772461195915267,-0.009431152989788168,6.932784289590532,5.606393253162622,0.9999990036634708,critical,1,rms,0.37547366238202073,False
2026-05-02 14:20:00,230,1769.6759299597682,73.50895700620431,72.85170715993583,0.9623430962343096,0.7663540152029911,0.9758484941983758,False,outer_race,bpfo,1.1714060575259986,8.194185276190767,8.74345191990036,6.995170652862107,2.374159228189923,2.080404990805498,1.5804147458366047,1.3604138828056038,38.333333333333336,1.1716205700261482,True,False,25.307248160850218,7.230642331671491,0.07282883082080381,0.018207207705200953,-0.8807926286763608,-0.2201981571690902,0.9177950891446869,0.22944877228617172,-0.22721856492516782,-0.056804641231291954,7.230642331671491,5.856277726779371,0.9999995292005599,critical,1,rms,0.6572498462684848,False
2026-05-02 14:30:00,231,1768.8994843193882,76.6217782882368,76.26496623344931,0.9665271966527197,0.7895137288559644,0.9666481693667586,False,outer_race,bpfo,1.1910928520848565,10.380073497321789,9.245698256275759,8.714747535553412,1.7592005269011797,2.2382911945500283,2.441880831493446,1.1223804424413444,38.5,1.1918338870460874,True,False,26.070090063721786,7.4485971610633674,0.27815785564504186,0.06953946391126047,-1.4356023573483694,-0.35890058933709235,-0.03416873126135419,-0.008542182815338547,2.007752068138027,0.5019380170345068,7.4485971610633674,6.101249947438447,0.9999997742302288,critical,1,rms,0.3568120547874827,False
2026-05-02 14:40:00,232,1770.926824980972,77.58908492746102,77.35222164781278,0.9707112970711297,0.8133285539902926,0.9503508246326663,False,outer_race,bpfo,1.2051900875843562,8.511111048670964,9.329718065587757,7.06204866464705,1.6305632696630261,1.9487405422036743,1.6450245816381623,2.2813163183791842,38.666666666666664,1.204559344255927,True,False,26.550343353337183,7.585812386667767,-0.09839913080133349,-0.024599782700333372,1.2656521298084438,0.31641303245211094,-0.23330082678314637,-0.05832520669578659,-0.0595960803865977,-0.014899020096649425,7.585812386667767,6.3296441688583425,0.9999998862124383,critical,1,rms,0.23686327964823306,False
2026-05-02 14:50:00,233,1769.8212741180014,80.08398489225175,79.50744301241447,0.9748953974895398,0.8378170215368618,0.9737335243189403,False,outer_race,bpfo,1.2614306932199273,10.017100047337287,9.692383088185483,7.941062557917981,1.345378870571779,2.2834726800895133,2.7622262293519553,1.7673932178287775,38.833333333333336,1.26155807914105,True,False,28.70145112739265,8.200414607826472,0.33691581008255383,0.08422895252063846,0.06779717489824892,0.01694929372456223,-0.6747698709810158,-0.16869246774525395,2.8388498543089296,0.7097124635772324,8.200414607826472,6.61745500562267,0.9999999520144093,critical,1,rms,0.5765418798372792,False
2026-05-02 15:00:00,234,1772.4721426754975,83.62422518768724,83.07226982019151,0.9790794979079498,0.8629981866051254,0.9809811494423301,False,outer_race,bpfo,1.299769955388379,13.480318816171623,10.471476885222025,10.371311292653802,1.9502375789878257,1.5344346215655915,1.6828219826657118,1.510050340032266,39.0,1.2979571106628225,True,False,30.075134943926123,8.592895698264607,-0.6371987766600213,-0.15929969416500533,-0.5320191029636667,-0.13300477574091668,0.2615590331598893,0.06538975828997233,0.0384647518495028,0.0096161879623757,8.592895698264607,6.921368958336814,0.9999999807182521,critical,1,rms,0.5519553674957365,False
2026-05-02 15:10:00,235,1774.6366094128261,85.38866736640395,85.07827093792949,0.9832635983263598,0.8888916433103798,0.9957691612319555,False,outer_race,bpfo,1.3309192117151303,10.723616976454213,10.072938641662388,8.057301211119263,2.7947055801320624,1.4450153971682564,1.7209544945968596,2.2548991747333136,39.166666666666664,1.3274419068336587,True,False,31.187878487925047,8.910822425121442,-0.7534873548296043,-0.18837183870740107,1.2040788975935652,0.3010197243983913,1.5688061424295272,0.3922015356073818,0.13739498920883617,0.03434874730220904,8.910822425121442,7.227438722457525,0.9999999923020838,critical,1,rms,0.310396428474462,False
2026-05-02 15:20:00,236,1767.6252790274193,86.51074707915686,85.66704667916947,0.9874476987447699,0.9155175400204548,0.9677710139758122,False,outer_race,bpfo,1.3387153995060115,11.059649279660052,10.244599689309947,8.261389451216505,2.051954888351502,1.8206404438123507,2.1973252060143946,1.3195760255367102,39.333333333333336,1.3405139003383104,True,False,31.681209908472034,9.05177425956344,-0.2649916997450946,-0.06624792493627366,-0.9759777441636176,-0.2439944360409044,0.41901871007858865,0.10475467751964716,1.3732817736059624,0.3433204434014906,9.05177425956344,7.508105728166127,0.9999999966833719,critical,1,rms,0.8437003999873838,False
2026-05-02 15:30:00,237,1771.8213037251335,87.13098938100934,86.85797377798198,0.9916317991631799,0.9428965950336728,0.9502511933611393,False,outer_race,bpfo,1.347185580279172,11.308769958492281,10.388311223400686,8.394366837083284,2.7764785734005533,2.2945370223087735,3.401510662192683,2.653206327542484,39.5,1.3458007712633586,True,False,31.880734146513806,9.10878118471823,0.35130484816391977,0.08782621204097994,2.1324555283728635,0.5331138820932159,1.5405905062797642,0.38514762656994106,4.497396786524009,1.1243491966310022,9.10878118471823,7.754363490712604,0.9999999984156482,critical,1,rms,0.2730156030273605,False
2026-05-02 15:40:00,238,1769.127496706475,89.51527884087423,89.11053996938927,0.99581589958159,0.9710501127002987,0.9734244514642585,False,outer_race,bpfo,1.391620338818254,11.636385122473833,10.620737383534061,8.361752697833735,2.4723558214073282,1.904164802652875,2.306790013087628,1.7157873928801548,39.666666666666664,1.3923066620658524,True,False,33.635846491485,9.610241854709999,-0.1563693201890931,-0.03909233004727328,-0.05248598234985127,-0.013121495587462818,1.0698046530945873,0.2674511632736468,1.6572751115167252,0.4143187778791813,9.610241854709999,8.039883239019895,0.9999999993272517,critical,1,rms,0.404738871484966,False
2026-05-02 15:50:00,239,1772.3755603601514,90.41268973392013,89.37003117881734,1.0,1.0,1.0175192775664006,False,outer_race,bpfo,1.5024015453814907,10.786082285434645,10.490992785837383,7.179227363411582,1.8506436157205453,2.056312516799173,1.7310441011623332,2.0135357400154814,39.833333333333336,1.5003878381085731,True,False,37.714783655320836,10.77565247294881,0.0414968709915185,0.010374217747879624,0.6415075986944585,0.16037689967361463,0.10738632276062167,0.026846580690155417,0.16357126561535487,0.04089281640383872,10.192947163829405,8.371123842836742,0.999999999750951,critical,1,rms,1.0426585551027898,False
